local,visitante,fecha,tarjetas_amarillas_local,tarjetas_amarillas_visitante,tarjetas_rojas_local,tarjetas_rojas_visitante,posesion_local,posesion_visitante,faltas_local,faltas_visitante,tiros_a_puerta_local,tiros_a_puerta_visitante,local_encoded,visitante_encoded,tarjetas_totales,score
LDU de Quito,Barcelona SC,2020-12-30,2,4,0.0,0.0,0.62,0.38,14.0,12.0,7.0,6.0,5,0,6.0,0 - 0
Emelec,CD Olmedo,2020-12-20,4,4,0.0,0.0,0.63,0.37,19.0,15.0,13.0,3.0,4,1,8.0,4 - 1
Orense SC,El Nacional,2020-12-20,3,1,0.0,0.0,0.48,0.52,13.0,21.0,7.0,8.0,15,2,4.0,1 - 0
CD Olmedo,LDU Portoviejo,2020-12-17,5,1,0.0,0.0,0.45,0.55,16.0,9.0,3.0,4.0,1,3,6.0,1 - 3
Deportivo Cuenca,Emelec,2020-12-16,6,2,1.0,0.0,0.37,0.63,18.0,17.0,4.0,6.0,10,4,9.0,2 - 1
Delfin,LDU de Quito,2020-12-16,1,1,0.0,0.0,0.38,0.62,22.0,18.0,4.0,2.0,9,5,2.0,2 - 0
Barcelona SC,Mushuc Runa SC,2020-12-16,2,5,0.0,0.0,0.53,0.47,20.0,15.0,10.0,3.0,0,6,7.0,3 - 0
Guayaquil City,Independiente del Valle,2020-12-13,4,3,1.0,0.0,0.36,0.64,15.0,15.0,1.0,17.0,11,7,8.0,0 - 2
CSD Macara,LDU de Quito,2020-12-13,2,5,0.0,0.0,0.52,0.48,22.0,14.0,9.0,5.0,14,5,7.0,3 - 4
Emelec,El Nacional,2020-12-13,4,3,0.0,0.0,0.63,0.37,17.0,14.0,7.0,4.0,4,2,7.0,3 - 0
LDU Portoviejo,Mushuc Runa SC,2020-12-12,2,4,0.0,0.0,0.6,0.4,22.0,18.0,3.0,1.0,3,6,6.0,0 - 0
Orense SC,CD Tecnico Universitario,2020-12-12,4,1,0.0,0.0,0.54,0.46,20.0,17.0,2.0,4.0,15,8,5.0,1 - 0
Universidad Catolica,Delfin,2020-12-11,4,1,0.0,0.0,0.73,0.27,13.0,16.0,4.0,2.0,13,9,5.0,0 - 0
CD Olmedo,Deportivo Cuenca,2020-12-11,4,4,0.0,0.0,0.56,0.44,20.0,20.0,4.0,8.0,1,10,8.0,1 - 1
Barcelona SC,Guayaquil City,2020-12-10,2,3,0.0,0.0,0.54,0.46,13.0,18.0,5.0,4.0,0,11,5.0,2 - 0
Independiente del Valle,Emelec,2020-12-09,3,2,0.0,0.0,0.62,0.38,16.0,5.0,11.0,0.0,7,4,5.0,3 - 0
LDU de Quito,LDU Portoviejo,2020-12-09,4,3,1.0,0.0,0.72,0.28,13.0,16.0,7.0,6.0,5,3,8.0,1 - 1
El Nacional,Aucas,2020-12-09,1,2,0.0,0.0,0.5,0.5,20.0,15.0,5.0,8.0,2,12,3.0,2 - 2
Delfin,CD Olmedo,2020-12-09,3,2,0.0,0.0,0.5,0.5,25.0,24.0,4.0,7.0,9,1,5.0,3 - 1
CD Tecnico Universitario,Universidad Catolica,2020-12-08,0,2,0.0,0.0,0.51,0.49,14.0,15.0,4.0,5.0,8,13,2.0,1 - 0
Deportivo Cuenca,CSD Macara,2020-12-08,5,2,0.0,0.0,0.4,0.6,17.0,11.0,4.0,6.0,10,14,7.0,2 - 1
Mushuc Runa SC,Orense SC,2020-12-08,0,3,0.0,0.0,0.68,0.32,15.0,13.0,6.0,1.0,6,15,3.0,0 - 0
Emelec,Barcelona SC,2020-12-06,4,1,0.0,0.0,0.48,0.52,20.0,9.0,4.0,6.0,4,0,5.0,1 - 1
Guayaquil City,LDU Portoviejo,2020-12-06,2,2,0.0,0.0,0.58,0.42,15.0,23.0,7.0,3.0,11,3,4.0,3 - 1
Independiente del Valle,El Nacional,2020-12-06,2,3,0.0,0.0,0.51,0.49,23.0,16.0,4.0,6.0,7,2,5.0,2 - 0
Universidad Catolica,LDU de Quito,2020-12-06,3,2,1.0,0.0,0.42,0.58,15.0,13.0,6.0,5.0,13,5,6.0,2 - 0
Orense SC,Delfin,2020-12-05,1,2,0.0,0.0,0.48,0.52,20.0,8.0,3.0,6.0,15,9,3.0,1 - 1
Deportivo Cuenca,Mushuc Runa SC,2020-12-04,3,2,0.0,0.0,0.4,0.6,19.0,20.0,2.0,6.0,10,6,5.0,1 - 0
CD Olmedo,CD Tecnico Universitario,2020-12-04,3,3,0.0,0.0,0.47,0.53,11.0,13.0,3.0,3.0,1,8,6.0,0 - 0
Barcelona SC,CSD Macara,2020-11-29,2,1,0.0,0.0,0.55,0.45,15.0,19.0,5.0,1.0,0,14,3.0,3 - 0
LDU Portoviejo,Universidad Catolica,2020-11-29,3,3,1.0,0.0,0.5,0.5,17.0,11.0,7.0,5.0,3,13,7.0,2 - 1
Aucas,Orense SC,2020-11-29,2,1,0.0,0.0,0.54,0.46,20.0,11.0,6.0,8.0,12,15,3.0,4 - 1
CD Tecnico Universitario,Deportivo Cuenca,2020-11-28,2,1,0.0,0.0,0.61,0.39,11.0,9.0,4.0,1.0,8,10,3.0,1 - 1
Mushuc Runa SC,Emelec,2020-11-27,3,4,0.0,0.0,0.57,0.43,15.0,18.0,7.0,8.0,6,4,7.0,2 - 3
LDU de Quito,CD Olmedo,2020-11-27,0,4,0.0,0.0,0.45,0.55,17.0,12.0,8.0,3.0,5,1,4.0,3 - 0
CSD Macara,LDU Portoviejo,2020-11-23,3,3,0.0,0.0,0.52,0.48,18.0,15.0,8.0,4.0,14,3,6.0,1 - 0
Orense SC,Barcelona SC,2020-11-23,4,3,0.0,0.0,0.4,0.6,25.0,16.0,0.0,7.0,15,0,7.0,0 - 0
Universidad Catolica,Mushuc Runa SC,2020-11-23,2,4,0.0,0.0,0.55,0.45,15.0,10.0,3.0,2.0,13,6,6.0,1 - 1
Emelec,Delfin,2020-11-22,2,2,0.0,0.0,0.7,0.3,17.0,18.0,4.0,5.0,4,9,4.0,3 - 2
CD Olmedo,El Nacional,2020-11-22,2,3,0.0,0.0,0.47,0.53,20.0,12.0,3.0,8.0,1,2,5.0,1 - 2
Guayaquil City,LDU de Quito,2020-11-22,1,3,0.0,0.0,0.56,0.44,11.0,14.0,7.0,6.0,11,5,4.0,1 - 1
Independiente del Valle,CD Tecnico Universitario,2020-11-21,5,2,0.0,0.0,0.65,0.35,16.0,13.0,4.0,2.0,7,8,7.0,1 - 0
LDU Portoviejo,Orense SC,2020-11-19,3,1,0.0,0.0,0.56,0.44,15.0,17.0,3.0,4.0,3,15,4.0,1 - 2
El Nacional,Universidad Catolica,2020-11-19,3,0,0.0,0.0,0.46,0.54,15.0,17.0,1.0,3.0,2,13,3.0,0 - 2
LDU de Quito,Emelec,2020-11-18,3,2,0.0,0.0,0.52,0.48,22.0,18.0,3.0,3.0,5,4,5.0,1 - 2
CD Tecnico Universitario,CSD Macara,2020-11-18,3,4,0.0,0.0,0.45,0.55,14.0,18.0,3.0,3.0,8,14,7.0,0 - 1
Aucas,Independiente del Valle,2020-11-18,4,5,1.0,1.0,0.6,0.4,16.0,8.0,9.0,8.0,12,7,11.0,3 - 3
El Nacional,Barcelona SC,2020-11-15,3,2,0.0,0.0,0.42,0.58,12.0,7.0,5.0,6.0,2,0,5.0,1 - 1
Emelec,CD Tecnico Universitario,2020-11-15,3,3,0.0,0.0,0.68,0.32,17.0,12.0,5.0,5.0,4,8,6.0,1 - 1
Independiente del Valle,LDU Portoviejo,2020-11-15,4,4,0.0,0.0,0.73,0.27,16.0,10.0,6.0,5.0,7,3,8.0,2 - 3
CD Olmedo,Universidad Catolica,2020-11-15,2,3,0.0,0.0,0.53,0.47,22.0,18.0,3.0,5.0,1,13,5.0,2 - 1
CSD Macara,Orense SC,2020-11-14,2,4,0.0,0.0,0.6,0.4,10.0,15.0,3.0,3.0,14,15,6.0,0 - 1
Guayaquil City,Mushuc Runa SC,2020-11-14,5,5,0.0,0.0,0.51,0.49,15.0,16.0,6.0,5.0,11,6,10.0,3 - 2
LDU Portoviejo,Emelec,2020-11-11,4,1,0.0,0.0,0.48,0.52,16.0,20.0,2.0,9.0,3,4,5.0,0 - 6
Universidad Catolica,Guayaquil City,2020-11-11,1,3,0.0,0.0,0.57,0.43,23.0,8.0,10.0,4.0,13,11,4.0,2 - 1
Aucas,CD Olmedo,2020-11-11,2,3,0.0,0.0,0.56,0.44,21.0,16.0,7.0,3.0,12,1,5.0,3 - 3
Delfin,CSD Macara,2020-11-10,3,4,1.0,0.0,0.61,0.39,21.0,22.0,4.0,6.0,9,14,8.0,1 - 2
CD Tecnico Universitario,El Nacional,2020-11-10,0,1,0.0,0.0,0.45,0.55,15.0,14.0,3.0,6.0,8,2,1.0,1 - 0
Orense SC,Deportivo Cuenca,2020-11-10,3,4,0.0,0.0,0.57,0.43,21.0,25.0,2.0,5.0,15,10,7.0,1 - 1
Emelec,Universidad Catolica,2020-11-08,3,2,0.0,1.0,0.52,0.48,31.0,17.0,5.0,4.0,4,13,6.0,2 - 0
CD Olmedo,Barcelona SC,2020-11-06,2,3,0.0,0.0,0.43,0.57,20.0,16.0,3.0,6.0,1,0,5.0,1 - 0
LDU de Quito,Orense SC,2020-11-06,0,1,0.0,0.0,0.6,0.4,17.0,14.0,14.0,2.0,5,15,1.0,4 - 0
El Nacional,Delfin,2020-11-06,0,4,1.0,0.0,0.46,0.54,8.0,12.0,2.0,6.0,2,9,5.0,1 - 3
Independiente del Valle,Deportivo Cuenca,2020-11-05,2,3,0.0,0.0,0.65,0.35,18.0,17.0,3.0,5.0,7,10,5.0,2 - 1
CSD Macara,Mushuc Runa SC,2020-11-05,2,4,0.0,0.0,0.55,0.45,20.0,16.0,5.0,5.0,14,6,6.0,0 - 3
CSD Macara,Guayaquil City,2020-11-02,4,2,0.0,0.0,0.57,0.43,21.0,13.0,7.0,4.0,14,11,6.0,1 - 1
Barcelona SC,LDU de Quito,2020-11-01,2,1,0.0,0.0,0.5,0.5,8.0,21.0,3.0,3.0,0,5,3.0,2 - 2
Universidad Catolica,Independiente del Valle,2020-10-31,0,3,0.0,0.0,0.43,0.57,12.0,14.0,6.0,3.0,13,7,3.0,3 - 1
Delfin,LDU Portoviejo,2020-10-31,2,5,0.0,0.0,0.48,0.52,20.0,17.0,6.0,7.0,9,3,7.0,4 - 2
Mushuc Runa SC,CD Tecnico Universitario,2020-10-31,3,4,0.0,0.0,0.55,0.45,17.0,19.0,1.0,5.0,6,8,7.0,0 - 1
Deportivo Cuenca,El Nacional,2020-10-30,2,3,0.0,0.0,0.53,0.47,16.0,20.0,2.0,4.0,10,2,5.0,0 - 0
Guayaquil City,Orense SC,2020-10-26,2,3,0.0,0.0,0.56,0.44,17.0,24.0,5.0,5.0,11,15,5.0,1 - 1
LDU Portoviejo,Barcelona SC,2020-10-25,5,1,0.0,1.0,0.5,0.5,18.0,13.0,8.0,4.0,3,0,7.0,0 - 2
CD Olmedo,Independiente del Valle,2020-10-25,1,3,0.0,0.0,0.44,0.56,17.0,14.0,6.0,3.0,1,7,4.0,2 - 1
LDU de Quito,El Nacional,2020-10-25,0,3,0.0,0.0,0.52,0.48,8.0,16.0,5.0,5.0,5,2,3.0,1 - 0
CD Tecnico Universitario,Delfin,2020-10-24,1,4,0.0,0.0,0.5,0.5,15.0,17.0,5.0,3.0,8,9,5.0,1 - 1
Emelec,CSD Macara,2020-10-24,2,3,0.0,0.0,0.66,0.34,19.0,23.0,2.0,7.0,4,14,5.0,0 - 0
Universidad Catolica,Deportivo Cuenca,2020-10-23,1,3,0.0,1.0,0.75,0.25,22.0,16.0,2.0,5.0,13,10,5.0,0 - 1
Deportivo Cuenca,LDU Portoviejo,2020-10-19,2,1,0.0,1.0,0.54,0.46,22.0,18.0,3.0,3.0,10,3,4.0,2 - 1
Guayaquil City,Emelec,2020-10-19,4,2,0.0,0.0,0.46,0.54,11.0,21.0,3.0,5.0,11,4,6.0,1 - 0
Orense SC,Universidad Catolica,2020-10-18,3,1,0.0,0.0,0.38,0.62,19.0,18.0,4.0,10.0,15,13,4.0,1 - 1
Independiente del Valle,LDU de Quito,2020-10-17,1,5,0.0,1.0,0.58,0.42,21.0,13.0,6.0,3.0,7,5,7.0,3 - 2
Aucas,CD Tecnico Universitario,2020-10-17,5,2,0.0,0.0,0.56,0.44,20.0,17.0,4.0,3.0,12,8,7.0,2 - 1
LDU Portoviejo,El Nacional,2020-10-15,2,2,0.0,0.0,0.52,0.48,12.0,14.0,3.0,8.0,3,2,4.0,3 - 0
CD Olmedo,Guayaquil City,2020-10-15,2,2,1.0,0.0,0.52,0.48,13.0,10.0,4.0,4.0,1,11,5.0,1 - 2
CD Tecnico Universitario,Barcelona SC,2020-10-14,2,3,0.0,0.0,0.54,0.46,22.0,12.0,4.0,4.0,8,0,5.0,0 - 2
Delfin,Aucas,2020-10-14,1,0,0.0,0.0,0.57,0.43,15.0,5.0,5.0,5.0,9,12,1.0,2 - 2
Mushuc Runa SC,Independiente del Valle,2020-10-14,2,3,0.0,0.0,0.51,0.49,9.0,16.0,10.0,7.0,6,7,5.0,3 - 2
CSD Macara,Delfin,2020-10-04,2,1,0.0,0.0,0.48,0.52,19.0,15.0,7.0,3.0,14,9,3.0,5 - 1
Orense SC,Independiente del Valle,2020-10-03,3,3,0.0,0.0,0.5,0.5,13.0,14.0,3.0,7.0,15,7,6.0,1 - 3
LDU de Quito,Mushuc Runa SC,2020-10-03,4,1,0.0,0.0,0.54,0.46,15.0,21.0,8.0,0.0,5,6,5.0,2 - 0
Aucas,LDU Portoviejo,2020-10-02,3,0,0.0,0.0,0.53,0.47,18.0,7.0,8.0,5.0,12,3,3.0,4 - 1
Guayaquil City,El Nacional,2020-09-30,5,5,0.0,0.0,0.48,0.52,17.0,24.0,2.0,3.0,11,2,10.0,2 - 1
LDU Portoviejo,CSD Macara,2020-09-28,4,6,0.0,0.0,0.47,0.53,24.0,24.0,6.0,5.0,3,14,10.0,2 - 2
CD Tecnico Universitario,LDU de Quito,2020-09-27,3,1,0.0,0.0,0.37,0.63,16.0,17.0,2.0,9.0,8,5,4.0,0 - 5
Independiente del Valle,Barcelona SC,2020-09-27,1,2,0.0,0.0,0.54,0.46,18.0,12.0,5.0,3.0,7,0,3.0,1 - 1
Mushuc Runa SC,Guayaquil City,2020-09-26,3,4,0.0,0.0,0.54,0.46,28.0,10.0,5.0,2.0,6,11,7.0,2 - 1
El Nacional,Orense SC,2020-09-25,5,4,0.0,0.0,0.6,0.4,13.0,13.0,4.0,4.0,2,15,9.0,2 - 2
Delfin,Mushuc Runa SC,2020-09-20,1,4,0.0,0.0,0.58,0.42,20.0,24.0,5.0,7.0,9,6,5.0,4 - 1
Universidad Catolica,CD Tecnico Universitario,2020-09-20,0,1,0.0,0.0,0.63,0.37,16.0,16.0,7.0,3.0,13,8,1.0,2 - 1
Orense SC,Aucas,2020-09-19,3,4,0.0,0.0,0.48,0.52,21.0,28.0,9.0,2.0,15,12,7.0,2 - 2
LDU Portoviejo,CD Olmedo,2020-09-18,1,6,0.0,0.0,0.51,0.49,16.0,19.0,4.0,6.0,3,1,7.0,2 - 1
Barcelona SC,Universidad Catolica,2020-09-13,5,6,0.0,0.0,0.47,0.53,27.0,25.0,3.0,0.0,0,13,11.0,1 - 0
Aucas,Deportivo Cuenca,2020-09-13,2,3,0.0,0.0,0.56,0.44,13.0,12.0,8.0,6.0,12,10,5.0,2 - 0
El Nacional,CD Tecnico Universitario,2020-09-12,4,4,0.0,0.0,0.5,0.5,17.0,16.0,5.0,7.0,2,8,8.0,0 - 1
LDU de Quito,Guayaquil City,2020-09-11,2,3,0.0,0.0,0.6,0.4,19.0,7.0,9.0,3.0,5,11,5.0,2 - 0
Mushuc Runa SC,LDU Portoviejo,2020-09-11,1,2,1.0,1.0,0.56,0.44,16.0,10.0,6.0,0.0,6,3,5.0,1 - 0
CSD Macara,Barcelona SC,2020-09-09,3,4,0.0,0.0,0.52,0.48,20.0,17.0,2.0,5.0,14,0,7.0,1 - 1
Deportivo Cuenca,Independiente del Valle,2020-09-09,2,3,0.0,0.0,0.42,0.58,16.0,2.0,1.0,5.0,10,7,5.0,1 - 3
Emelec,Independiente del Valle,2020-09-06,1,2,0.0,0.0,0.58,0.42,9.0,22.0,4.0,3.0,4,7,3.0,2 - 2
Aucas,Guayaquil City,2020-09-06,5,1,0.0,1.0,0.55,0.45,19.0,11.0,4.0,9.0,12,11,7.0,3 - 1
Delfin,Deportivo Cuenca,2020-09-06,2,2,0.0,0.0,0.59,0.41,20.0,12.0,9.0,2.0,9,10,4.0,2 - 1
CSD Macara,El Nacional,2020-09-05,5,4,0.0,0.0,0.54,0.46,13.0,20.0,4.0,4.0,14,2,9.0,1 - 0
LDU Portoviejo,LDU de Quito,2020-09-05,3,2,0.0,0.0,0.41,0.59,15.0,16.0,7.0,7.0,3,5,5.0,1 - 1
Mushuc Runa SC,Barcelona SC,2020-09-04,2,1,1.0,0.0,0.43,0.57,21.0,19.0,2.0,3.0,6,0,4.0,1 - 2
El Nacional,Emelec,2020-09-02,2,5,0.0,0.0,0.51,0.49,18.0,18.0,2.0,3.0,2,4,7.0,2 - 1
LDU Portoviejo,Independiente del Valle,2020-09-02,4,3,0.0,0.0,0.35,0.65,11.0,17.0,7.0,9.0,3,7,7.0,1 - 2
Guayaquil City,Universidad Catolica,2020-09-02,5,1,0.0,0.0,0.56,0.44,13.0,14.0,8.0,7.0,11,13,6.0,1 - 3
CD Olmedo,Delfin,2020-09-02,3,3,0.0,1.0,0.48,0.52,13.0,18.0,7.0,3.0,1,9,7.0,2 - 0
Barcelona SC,Aucas,2020-09-01,3,2,0.0,0.0,0.54,0.46,20.0,25.0,8.0,7.0,0,12,5.0,4 - 2
LDU de Quito,CSD Macara,2020-09-01,3,2,1.0,0.0,0.51,0.49,22.0,18.0,5.0,3.0,5,14,6.0,1 - 0
Orense SC,Mushuc Runa SC,2020-09-01,3,2,1.0,0.0,0.48,0.52,21.0,14.0,1.0,5.0,15,6,6.0,0 - 2
Independiente del Valle,Guayaquil City,2020-08-30,0,2,0.0,0.0,0.59,0.41,20.0,3.0,10.0,0.0,7,11,2.0,3 - 0
Delfin,El Nacional,2020-08-30,2,4,0.0,0.0,0.55,0.45,19.0,30.0,7.0,1.0,9,2,6.0,2 - 1
Barcelona SC,CD Olmedo,2020-08-29,2,4,0.0,0.0,0.57,0.43,21.0,28.0,6.0,4.0,0,1,6.0,3 - 1
Orense SC,LDU de Quito,2020-08-29,5,3,0.0,0.0,0.44,0.56,26.0,21.0,4.0,5.0,15,5,8.0,1 - 2
Mushuc Runa SC,Deportivo Cuenca,2020-08-29,2,4,0.0,0.0,0.48,0.52,24.0,21.0,4.0,3.0,6,10,6.0,1 - 1
Aucas,CSD Macara,2020-08-28,4,4,0.0,0.0,0.51,0.49,20.0,16.0,2.0,5.0,12,14,8.0,1 - 0
Emelec,LDU Portoviejo,2020-08-26,2,1,0.0,0.0,0.57,0.43,23.0,8.0,5.0,4.0,4,3,3.0,2 - 1
El Nacional,CD Olmedo,2020-08-26,2,3,0.0,0.0,0.52,0.48,23.0,13.0,7.0,7.0,2,1,5.0,3 - 2
Independiente del Valle,Aucas,2020-08-25,3,3,0.0,0.0,0.51,0.49,16.0,17.0,4.0,6.0,7,12,6.0,1 - 1
Universidad Catolica,El Nacional,2020-08-23,3,5,0.0,0.0,0.58,0.42,10.0,30.0,4.0,2.0,13,2,8.0,1 - 1
Emelec,Mushuc Runa SC,2020-08-20,2,3,0.0,0.0,0.55,0.45,14.0,3.0,5.0,2.0,4,6,5.0,2 - 0
CD Tecnico Universitario,CD Olmedo,2020-08-19,3,2,0.0,0.0,0.54,0.46,15.0,20.0,4.0,5.0,8,1,5.0,1 - 3
Deportivo Cuenca,Barcelona SC,2020-08-18,3,2,0.0,0.0,0.55,0.45,20.0,18.0,0.0,4.0,10,0,5.0,0 - 3
CD Olmedo,LDU de Quito,2020-08-16,3,0,0.0,0.0,0.5,0.5,13.0,14.0,3.0,4.0,1,5,3.0,2 - 3
Emelec,Independiente del Valle,2021-12-12,3,4,0.0,0.0,0.53,0.47,13.0,17.0,5.0,2.0,4,7,7.0,1 - 1
Universidad Catolica,9 De Octubre,2021-11-28,3,2,0.0,0.0,0.48,0.52,16.0,9.0,8.0,3.0,13,16,5.0,3 - 0
Guayaquil City,Aucas,2021-11-28,4,5,0.0,1.0,0.0,0.0,16.0,12.0,3.0,2.0,11,12,10.0,1 - 0
Emelec,Manta FC,2021-11-28,2,4,0.0,0.0,0.68,0.32,9.0,14.0,9.0,3.0,4,17,6.0,4 - 0
Delfin,Mushuc Runa SC,2021-11-28,1,2,0.0,0.0,0.0,0.0,8.0,7.0,6.0,1.0,9,6,3.0,3 - 0
Manta FC,9 De Octubre,2021-11-08,4,2,0.0,0.0,0.5,0.5,19.0,15.0,2.0,5.0,17,16,6.0,1 - 3
Guayaquil City,Independiente del Valle,2021-11-07,2,2,1.0,0.0,0.45,0.55,12.0,14.0,1.0,5.0,11,7,5.0,0 - 2
CD Olmedo,Barcelona SC,2021-11-07,1,2,1.0,0.0,0.34,0.66,15.0,23.0,3.0,6.0,1,0,4.0,0 - 2
Deportivo Cuenca,Aucas,2021-11-06,5,4,0.0,0.0,0.38,0.62,16.0,13.0,4.0,4.0,10,12,9.0,2 - 1
Aucas,Barcelona SC,2021-10-27,5,3,0.0,0.0,0.62,0.38,20.0,10.0,6.0,0.0,12,0,8.0,1 - 0
Deportivo Cuenca,CSD Macara,2021-10-25,5,2,0.0,1.0,0.58,0.42,14.0,20.0,6.0,2.0,10,14,8.0,1 - 1
Emelec,Barcelona SC,2021-10-24,1,2,0.0,0.0,0.6,0.4,13.0,10.0,3.0,3.0,4,0,3.0,2 - 1
CD Olmedo,Delfin,2021-10-24,2,0,0.0,0.0,0.54,0.46,12.0,14.0,2.0,5.0,1,9,2.0,1 - 3
LDU de Quito,Independiente del Valle,2021-10-24,2,0,0.0,0.0,0.49,0.51,17.0,10.0,1.0,6.0,5,7,2.0,0 - 2
9 De Octubre,Orense SC,2021-10-23,3,3,0.0,1.0,0.54,0.46,17.0,9.0,3.0,2.0,16,15,7.0,3 - 1
Universidad Catolica,Mushuc Runa SC,2021-10-23,2,2,0.0,0.0,0.67,0.33,10.0,16.0,4.0,4.0,13,6,4.0,0 - 1
CD Tecnico Universitario,Aucas,2021-10-22,3,2,0.0,0.0,0.4,0.6,14.0,20.0,1.0,2.0,8,12,5.0,1 - 1
Independiente del Valle,Manta FC,2021-10-18,2,6,0.0,0.0,0.75,0.25,20.0,15.0,7.0,2.0,7,17,8.0,1 - 1
Deportivo Cuenca,9 De Octubre,2021-10-17,2,4,0.0,0.0,0.4,0.6,19.0,19.0,5.0,3.0,10,16,6.0,3 - 1
Mushuc Runa SC,CD Tecnico Universitario,2021-10-17,1,1,0.0,0.0,0.48,0.52,8.0,10.0,4.0,3.0,6,8,2.0,0 - 1
CSD Macara,LDU de Quito,2021-10-17,3,4,0.0,1.0,0.51,0.49,13.0,21.0,6.0,3.0,14,5,8.0,2 - 1
Aucas,Universidad Catolica,2021-10-16,1,1,0.0,0.0,0.4,0.6,12.0,10.0,3.0,4.0,12,13,2.0,1 - 2
Guayaquil City,CD Olmedo,2021-10-16,6,3,0.0,0.0,0.62,0.38,18.0,15.0,8.0,3.0,11,1,9.0,4 - 2
Emelec,Orense SC,2021-10-15,0,2,1.0,1.0,0.59,0.41,8.0,22.0,3.0,5.0,4,15,4.0,1 - 0
Delfin,Manta FC,2021-10-04,2,5,0.0,1.0,0.5,0.5,22.0,17.0,4.0,4.0,9,17,8.0,2 - 1
Barcelona SC,Mushuc Runa SC,2021-10-03,1,1,0.0,0.0,0.6,0.4,12.0,10.0,12.0,4.0,0,6,2.0,4 - 0
CD Olmedo,Aucas,2021-10-03,2,2,0.0,0.0,0.37,0.63,10.0,12.0,2.0,7.0,1,12,4.0,1 - 4
LDU de Quito,Guayaquil City,2021-10-03,2,0,0.0,0.0,0.58,0.42,17.0,9.0,7.0,1.0,5,11,2.0,3 - 1
LDU de Quito,Guayaquil City,2021-10-03,2,0,0.0,0.0,0.58,0.42,17.0,9.0,7.0,1.0,5,11,2.0,3 - 1
Orense SC,CSD Macara,2021-10-02,3,4,1.0,0.0,0.53,0.47,15.0,16.0,2.0,5.0,15,14,8.0,2 - 1
Emelec,Universidad Catolica,2021-09-26,2,4,0.0,0.0,0.52,0.48,9.0,12.0,8.0,3.0,4,13,6.0,2 - 2
CSD Macara,Delfin,2021-09-26,0,0,0.0,0.0,0.0,0.0,11.0,9.0,2.0,3.0,14,9,0.0,2 - 3
Deportivo Cuenca,CD Olmedo,2021-09-26,3,4,0.0,0.0,0.67,0.33,25.0,18.0,7.0,2.0,10,1,7.0,5 - 0
Manta FC,LDU de Quito,2021-09-26,4,4,0.0,0.0,0.39,0.61,16.0,21.0,6.0,3.0,17,5,8.0,2 - 2
Mushuc Runa SC,Orense SC,2021-09-25,6,3,0.0,0.0,0.56,0.44,18.0,6.0,5.0,1.0,6,15,9.0,0 - 0
Independiente del Valle,CD Tecnico Universitario,2021-09-24,1,2,0.0,1.0,0.55,0.45,12.0,12.0,1.0,2.0,7,8,4.0,1 - 1
LDU de Quito,Emelec,2021-09-19,3,4,0.0,0.0,0.6,0.4,14.0,19.0,6.0,3.0,5,4,7.0,3 - 2
CD Tecnico Universitario,Manta FC,2021-09-19,4,4,0.0,0.0,0.57,0.43,17.0,13.0,4.0,3.0,8,17,8.0,0 - 0
CD Olmedo,Mushuc Runa SC,2021-09-19,1,3,1.0,0.0,0.42,0.58,15.0,20.0,3.0,8.0,1,6,5.0,2 - 5
9 De Octubre,CSD Macara,2021-09-19,4,2,0.0,1.0,0.66,0.34,20.0,19.0,4.0,4.0,16,14,7.0,1 - 1
Orense SC,Guayaquil City,2021-09-18,4,4,0.0,0.0,0.58,0.42,27.0,11.0,5.0,0.0,15,11,8.0,2 - 0
Barcelona SC,Deportivo Cuenca,2021-09-17,4,5,0.0,0.0,0.68,0.32,23.0,19.0,9.0,5.0,0,10,9.0,3 - 2
Universidad Catolica,Independiente del Valle,2021-09-13,2,3,0.0,0.0,0.43,0.57,13.0,12.0,9.0,10.0,13,7,5.0,1 - 3
Deportivo Cuenca,Delfin,2021-08-30,6,3,1.0,0.0,0.47,0.53,21.0,20.0,5.0,8.0,10,9,10.0,2 - 3
Independiente del Valle,Barcelona SC,2021-08-29,1,4,0.0,0.0,0.79,0.21,15.0,5.0,6.0,1.0,7,0,5.0,1 - 0
CSD Macara,Universidad Catolica,2021-08-29,1,3,0.0,0.0,0.42,0.58,11.0,14.0,3.0,4.0,14,13,4.0,1 - 2
Guayaquil City,CD Tecnico Universitario,2021-08-29,4,5,0.0,0.0,0.55,0.45,17.0,19.0,2.0,3.0,11,8,9.0,1 - 0
Aucas,9 De Octubre,2021-08-28,2,3,0.0,0.0,0.55,0.45,16.0,6.0,6.0,4.0,12,16,5.0,1 - 1
Emelec,CD Olmedo,2021-08-27,0,1,0.0,0.0,0.59,0.41,14.0,11.0,9.0,2.0,4,1,1.0,4 - 0
Barcelona SC,LDU de Quito,2021-08-23,3,7,0.0,0.0,0.58,0.42,16.0,18.0,4.0,3.0,0,5,10.0,0 - 2
Delfin,Independiente del Valle,2021-08-22,4,3,0.0,1.0,0.37,0.63,19.0,12.0,2.0,2.0,9,7,8.0,0 - 0
Aucas,Manta FC,2021-08-22,2,3,0.0,1.0,0.7,0.3,25.0,14.0,9.0,1.0,12,17,6.0,3 - 0
Orense SC,Deportivo Cuenca,2021-08-22,2,2,0.0,1.0,0.53,0.47,17.0,22.0,2.0,5.0,15,10,5.0,1 - 1
9 De Octubre,Emelec,2021-08-22,3,2,0.0,0.0,0.45,0.55,20.0,14.0,5.0,4.0,16,4,5.0,2 - 2
Universidad Catolica,Guayaquil City,2021-08-21,1,3,0.0,0.0,0.75,0.25,13.0,12.0,10.0,2.0,13,11,4.0,1 - 1
CSD Macara,Mushuc Runa SC,2021-08-20,3,1,1.0,0.0,0.47,0.53,15.0,19.0,2.0,12.0,14,6,5.0,1 - 1
CD Olmedo,9 De Octubre,2021-08-16,2,1,0.0,0.0,0.37,0.63,14.0,11.0,3.0,4.0,1,16,3.0,1 - 2
Orense SC,Barcelona SC,2021-08-15,0,2,0.0,0.0,0.52,0.48,19.0,12.0,2.0,3.0,15,0,2.0,1 - 0
Manta FC,Mushuc Runa SC,2021-08-15,1,4,0.0,0.0,0.56,0.44,17.0,19.0,3.0,1.0,17,6,5.0,0 - 0
Guayaquil City,Delfin,2021-08-14,3,5,0.0,0.0,0.51,0.49,14.0,18.0,5.0,2.0,11,9,8.0,2 - 1
Independiente del Valle,Aucas,2021-08-14,3,2,0.0,0.0,0.65,0.35,16.0,18.0,6.0,3.0,7,12,5.0,1 - 0
CD Tecnico Universitario,Universidad Catolica,2021-08-13,3,2,0.0,0.0,0.41,0.59,18.0,13.0,3.0,2.0,8,13,5.0,1 - 1
CSD Macara,CD Olmedo,2021-08-09,4,3,0.0,0.0,0.63,0.37,23.0,22.0,5.0,7.0,14,1,7.0,3 - 2
Delfin,Emelec,2021-08-08,2,1,0.0,0.0,0.35,0.65,16.0,15.0,4.0,3.0,9,4,3.0,1 - 2
9 De Octubre,CD Tecnico Universitario,2021-08-08,1,2,0.0,0.0,0.66,0.34,19.0,21.0,4.0,2.0,16,8,3.0,0 - 1
Aucas,Orense SC,2021-08-08,4,2,0.0,0.0,0.55,0.45,20.0,14.0,4.0,3.0,12,15,6.0,0 - 0
Barcelona SC,Guayaquil City,2021-08-08,3,3,0.0,0.0,0.55,0.45,22.0,10.0,4.0,2.0,0,11,6.0,2 - 1
Universidad Catolica,LDU de Quito,2021-08-07,4,2,1.0,0.0,0.35,0.65,11.0,10.0,5.0,2.0,13,5,7.0,2 - 2
Deportivo Cuenca,Manta FC,2021-08-06,2,4,0.0,0.0,0.62,0.38,17.0,21.0,2.0,2.0,10,17,6.0,1 - 0
LDU de Quito,CD Olmedo,2021-08-03,1,1,0.0,0.0,0.79,0.21,17.0,8.0,11.0,2.0,5,1,2.0,4 - 0
LDU de Quito,CD Olmedo,2021-08-02,1,1,0.0,0.0,0.79,0.21,17.0,8.0,11.0,2.0,5,1,2.0,4 - 0
Emelec,Aucas,2021-08-01,4,2,0.0,0.0,0.52,0.48,20.0,22.0,6.0,5.0,4,12,6.0,2 - 2
Independiente del Valle,CSD Macara,2021-08-01,5,3,0.0,1.0,0.58,0.42,16.0,12.0,8.0,5.0,7,14,9.0,4 - 0
Orense SC,Delfin,2021-08-01,2,3,0.0,1.0,0.7,0.3,13.0,20.0,6.0,5.0,15,9,6.0,2 - 2
CD Tecnico Universitario,Barcelona SC,2021-07-31,1,1,0.0,0.0,0.37,0.63,18.0,14.0,2.0,3.0,8,0,2.0,1 - 2
Mushuc Runa SC,9 De Octubre,2021-07-31,0,3,0.0,0.0,0.62,0.38,8.0,13.0,3.0,4.0,6,16,3.0,1 - 2
Manta FC,Universidad Catolica,2021-07-30,4,5,0.0,0.0,0.56,0.44,17.0,26.0,3.0,2.0,17,13,9.0,0 - 1
Delfin,CD Tecnico Universitario,2021-07-26,1,0,0.0,0.0,0.59,0.41,11.0,16.0,7.0,4.0,9,8,1.0,1 - 1
Barcelona SC,Manta FC,2021-07-25,4,0,1.0,2.0,0.73,0.27,18.0,16.0,7.0,2.0,0,17,7.0,2 - 0
9 De Octubre,LDU de Quito,2021-07-25,1,1,0.0,0.0,0.55,0.45,15.0,14.0,5.0,2.0,16,5,2.0,4 - 1
Independiente del Valle,Orense SC,2021-07-25,2,4,0.0,0.0,0.57,0.43,8.0,17.0,7.0,3.0,7,15,6.0,3 - 2
Deportivo Cuenca,Emelec,2021-07-25,1,4,0.0,0.0,0.57,0.43,16.0,16.0,5.0,2.0,10,4,5.0,0 - 1
CSD Macara,Guayaquil City,2021-07-24,4,5,0.0,0.0,0.47,0.53,14.0,14.0,6.0,3.0,14,11,9.0,0 - 2
CD Olmedo,Universidad Catolica,2021-07-24,0,2,0.0,0.0,0.42,0.58,12.0,22.0,0.0,5.0,1,13,2.0,0 - 3
Aucas,Mushuc Runa SC,2021-07-23,2,4,0.0,0.0,0.6,0.4,15.0,13.0,2.0,2.0,12,6,6.0,1 - 1
9 De Octubre,Universidad Catolica,2021-07-19,3,2,0.0,0.0,0.59,0.41,23.0,12.0,3.0,1.0,16,13,5.0,1 - 0
Manta FC,Emelec,2021-07-18,1,2,0.0,0.0,0.45,0.55,16.0,22.0,3.0,6.0,17,4,3.0,0 - 4
Barcelona SC,CSD Macara,2021-07-18,1,2,0.0,0.0,0.75,0.25,12.0,22.0,8.0,1.0,0,14,3.0,3 - 0
Independiente del Valle,Deportivo Cuenca,2021-07-18,1,3,0.0,0.0,0.69,0.31,17.0,16.0,3.0,4.0,7,10,4.0,0 - 0
Aucas,Guayaquil City,2021-07-17,2,3,0.0,0.0,0.58,0.42,13.0,15.0,6.0,0.0,12,11,5.0,3 - 0
Orense SC,CD Olmedo,2021-07-17,3,3,0.0,0.0,0.69,0.31,26.0,22.0,4.0,2.0,15,1,6.0,0 - 0
Barcelona SC,Emelec,2021-07-10,3,3,0.0,0.0,0.6,0.4,17.0,21.0,6.0,2.0,0,4,6.0,1 - 1
Universidad Catolica,Barcelona SC,2021-05-30,2,1,0.0,0.0,0.47,0.53,14.0,10.0,5.0,4.0,13,0,3.0,2 - 0
Emelec,Independiente del Valle,2021-05-30,2,2,1.0,0.0,0.51,0.49,13.0,16.0,3.0,5.0,4,7,5.0,0 - 0
LDU de Quito,Orense SC,2021-05-30,2,2,0.0,0.0,0.69,0.31,12.0,13.0,9.0,2.0,5,15,4.0,2 - 1
CSD Macara,Aucas,2021-05-30,3,2,0.0,1.0,0.41,0.59,17.0,20.0,4.0,5.0,14,12,6.0,1 - 0
Deportivo Cuenca,CD Tecnico Universitario,2021-05-29,4,4,0.0,0.0,0.4,0.6,26.0,18.0,1.0,3.0,10,8,8.0,1 - 0
Guayaquil City,Mushuc Runa SC,2021-05-29,1,0,0.0,0.0,0.6,0.4,15.0,13.0,2.0,1.0,11,6,1.0,0 - 0
Delfin,9 De Octubre,2021-05-29,1,2,0.0,0.0,0.47,0.53,12.0,10.0,3.0,7.0,9,16,3.0,2 - 2
CD Olmedo,Manta FC,2021-05-28,2,4,0.0,0.0,0.52,0.48,14.0,17.0,3.0,4.0,1,17,6.0,1 - 1
CSD Macara,CD Tecnico Universitario,2021-05-24,2,2,0.0,0.0,0.52,0.48,28.0,19.0,4.0,3.0,14,8,4.0,1 - 1
Barcelona SC,CD Olmedo,2021-05-23,4,3,0.0,0.0,0.63,0.37,24.0,17.0,6.0,5.0,0,1,7.0,4 - 0
Delfin,LDU de Quito,2021-05-23,1,1,0.0,0.0,0.31,0.69,12.0,14.0,7.0,3.0,9,5,2.0,1 - 1
Aucas,Deportivo Cuenca,2021-05-23,3,3,0.0,0.0,0.51,0.49,18.0,14.0,6.0,4.0,12,10,6.0,2 - 0
Mushuc Runa SC,Emelec,2021-05-22,2,2,0.0,0.0,0.53,0.47,10.0,17.0,2.0,5.0,6,4,4.0,1 - 2
Independiente del Valle,Guayaquil City,2021-05-22,2,1,0.0,0.0,0.48,0.52,23.0,13.0,9.0,0.0,7,11,3.0,3 - 0
Orense SC,Universidad Catolica,2021-05-22,4,5,0.0,0.0,0.52,0.48,17.0,21.0,3.0,10.0,15,13,9.0,0 - 3
9 De Octubre,Manta FC,2021-05-21,4,3,0.0,0.0,0.56,0.44,17.0,20.0,5.0,1.0,16,17,7.0,2 - 0
CD Tecnico Universitario,Orense SC,2021-05-17,1,1,0.0,0.0,0.58,0.42,13.0,14.0,8.0,2.0,8,15,2.0,1 - 2
LDU de Quito,Aucas,2021-05-16,6,3,0.0,0.0,0.67,0.33,11.0,20.0,4.0,7.0,5,12,9.0,1 - 3
Universidad Catolica,Delfin,2021-05-15,0,1,0.0,0.0,0.62,0.38,7.0,8.0,3.0,4.0,13,9,1.0,0 - 1
CD Olmedo,Independiente del Valle,2021-05-15,1,4,0.0,0.0,0.36,0.64,9.0,12.0,4.0,6.0,1,7,5.0,1 - 3
Deportivo Cuenca,Mushuc Runa SC,2021-05-14,4,5,0.0,0.0,0.5,0.5,12.0,17.0,3.0,6.0,10,6,9.0,1 - 2
Guayaquil City,Manta FC,2021-05-10,2,1,1.0,0.0,0.43,0.57,22.0,12.0,0.0,5.0,11,17,4.0,0 - 3
Aucas,CD Tecnico Universitario,2021-05-09,3,3,0.0,0.0,0.61,0.39,17.0,14.0,4.0,7.0,12,8,6.0,0 - 2
Delfin,CD Olmedo,2021-05-09,0,0,0.0,0.0,0.63,0.37,16.0,13.0,6.0,6.0,9,1,0.0,2 - 4
Mushuc Runa SC,Universidad Catolica,2021-05-09,1,2,0.0,0.0,0.58,0.42,16.0,17.0,2.0,6.0,6,13,3.0,2 - 6
Independiente del Valle,LDU de Quito,2021-05-08,4,2,0.0,0.0,0.52,0.48,25.0,15.0,6.0,2.0,7,5,6.0,3 - 1
Orense SC,9 De Octubre,2021-05-08,4,4,0.0,0.0,0.56,0.44,20.0,16.0,5.0,4.0,15,16,8.0,3 - 1
CSD Macara,Deportivo Cuenca,2021-05-07,5,1,1.0,0.0,0.43,0.57,28.0,19.0,3.0,8.0,14,10,7.0,1 - 0
CD Olmedo,Guayaquil City,2021-05-03,0,0,1.0,1.0,0.6,0.4,14.0,15.0,5.0,4.0,1,11,2.0,0 - 0
Manta FC,Independiente del Valle,2021-05-02,5,2,0.0,0.0,0.36,0.64,17.0,14.0,2.0,7.0,17,7,7.0,2 - 1
Orense SC,Emelec,2021-05-02,1,1,0.0,0.0,0.53,0.47,14.0,12.0,4.0,5.0,15,4,2.0,2 - 3
CD Tecnico Universitario,Mushuc Runa SC,2021-05-02,2,1,0.0,0.0,0.54,0.46,21.0,15.0,8.0,6.0,8,6,3.0,1 - 3
Barcelona SC,Delfin,2021-05-02,1,4,0.0,0.0,0.58,0.42,11.0,15.0,7.0,3.0,0,9,5.0,2 - 1
LDU de Quito,CSD Macara,2021-05-01,4,1,0.0,0.0,0.52,0.48,16.0,13.0,10.0,8.0,5,14,5.0,2 - 1
9 De Octubre,Deportivo Cuenca,2021-05-01,3,2,0.0,1.0,0.62,0.38,18.0,17.0,7.0,4.0,16,10,6.0,2 - 1
Universidad Catolica,Aucas,2021-05-01,4,2,0.0,0.0,0.52,0.48,18.0,19.0,3.0,2.0,13,12,6.0,1 - 1
Manta FC,Delfin,2021-04-19,4,3,0.0,0.0,0.44,0.56,22.0,26.0,3.0,6.0,17,9,7.0,1 - 2
Emelec,CD Tecnico Universitario,2021-04-18,0,1,0.0,0.0,0.58,0.42,13.0,9.0,3.0,3.0,4,8,1.0,2 - 0
Independiente del Valle,9 De Octubre,2021-04-18,1,2,0.0,0.0,0.65,0.35,13.0,10.0,8.0,3.0,7,16,3.0,2 - 1
Guayaquil City,LDU de Quito,2021-04-18,2,5,0.0,0.0,0.42,0.58,22.0,20.0,4.0,3.0,11,5,7.0,2 - 2
Aucas,CD Olmedo,2021-04-17,1,1,0.0,0.0,0.47,0.53,13.0,7.0,3.0,4.0,12,1,2.0,1 - 3
CSD Macara,Orense SC,2021-04-17,5,3,1.0,0.0,0.52,0.48,18.0,17.0,7.0,4.0,14,15,9.0,1 - 0
Universidad Catolica,Emelec,2021-04-14,2,3,1.0,0.0,0.0,0.0,16.0,14.0,5.0,5.0,13,4,6.0,2 - 3
LDU de Quito,Manta FC,2021-04-14,1,3,0.0,0.0,0.65,0.35,18.0,19.0,3.0,2.0,5,17,4.0,1 - 0
Delfin,CSD Macara,2021-04-14,2,2,0.0,0.0,0.52,0.48,22.0,15.0,3.0,2.0,9,14,4.0,2 - 0
CD Olmedo,Deportivo Cuenca,2021-04-13,5,3,0.0,0.0,0.45,0.55,25.0,21.0,6.0,4.0,1,10,8.0,2 - 2
9 De Octubre,Guayaquil City,2021-04-13,3,4,0.0,0.0,0.4,0.6,24.0,12.0,5.0,2.0,16,11,7.0,4 - 0
Orense SC,Mushuc Runa SC,2021-04-12,3,1,0.0,0.0,0.6,0.4,16.0,24.0,4.0,2.0,15,6,4.0,0 - 2
Manta FC,CD Tecnico Universitario,2021-04-09,5,3,0.0,0.0,0.49,0.51,22.0,22.0,1.0,4.0,17,8,8.0,0 - 2
CD Tecnico Universitario,Guayaquil City,2021-04-04,2,4,0.0,0.0,0.52,0.48,11.0,12.0,9.0,2.0,8,11,6.0,3 - 0
9 De Octubre,Aucas,2021-04-04,4,2,0.0,0.0,0.52,0.48,19.0,16.0,4.0,4.0,16,12,6.0,1 - 3
Orense SC,Manta FC,2021-04-04,3,2,0.0,0.0,0.67,0.33,17.0,10.0,3.0,2.0,15,17,5.0,0 - 1
LDU de Quito,Mushuc Runa SC,2021-04-03,2,3,0.0,0.0,0.68,0.32,14.0,13.0,5.0,5.0,5,6,5.0,0 - 0
Universidad Catolica,CSD Macara,2021-04-02,4,1,0.0,0.0,0.48,0.52,20.0,15.0,2.0,3.0,13,14,5.0,1 - 1
Universidad Catolica,CSD Macara,2021-04-01,4,1,0.0,0.0,0.48,0.52,20.0,15.0,2.0,3.0,13,14,5.0,1 - 1
CD Tecnico Universitario,Independiente del Valle,2021-04-01,1,3,0.0,0.0,0.47,0.53,15.0,23.0,2.0,3.0,8,7,4.0,0 - 2
Guayaquil City,Orense SC,2021-03-31,2,6,0.0,1.0,0.55,0.45,8.0,17.0,5.0,5.0,11,15,9.0,4 - 1
Aucas,Delfin,2021-03-31,4,2,0.0,0.0,0.65,0.35,13.0,12.0,8.0,5.0,12,9,6.0,3 - 3
Deportivo Cuenca,Orense SC,2021-03-22,4,3,0.0,0.0,0.46,0.54,22.0,11.0,5.0,4.0,10,15,7.0,1 - 0
Emelec,9 De Octubre,2021-03-21,2,3,0.0,0.0,0.62,0.38,18.0,13.0,5.0,3.0,4,16,5.0,0 - 1
Guayaquil City,Universidad Catolica,2021-03-21,0,0,0.0,0.0,0.46,0.54,14.0,15.0,5.0,8.0,11,13,0.0,1 - 2
Manta FC,Aucas,2021-03-21,3,2,0.0,0.0,0.42,0.58,18.0,20.0,4.0,6.0,17,12,5.0,1 - 1
Independiente del Valle,Delfin,2021-03-20,1,3,0.0,0.0,0.68,0.32,12.0,16.0,4.0,1.0,7,9,4.0,2 - 0
Mushuc Runa SC,CSD Macara,2021-03-20,5,3,0.0,0.0,0.46,0.54,23.0,20.0,2.0,1.0,6,14,8.0,0 - 0
CD Tecnico Universitario,CD Olmedo,2021-03-19,2,2,0.0,0.0,0.48,0.52,26.0,19.0,5.0,0.0,8,1,4.0,0 - 0
Barcelona SC,Orense SC,2021-03-14,2,3,0.0,0.0,0.6,0.4,15.0,14.0,7.0,5.0,0,15,5.0,2 - 0
Mushuc Runa SC,Manta FC,2021-03-14,2,4,0.0,0.0,0.63,0.37,15.0,20.0,7.0,3.0,6,17,6.0,4 - 2
Delfin,Guayaquil City,2021-03-13,1,3,0.0,0.0,0.5,0.5,21.0,13.0,10.0,3.0,9,11,4.0,1 - 1
CSD Macara,Emelec,2021-03-11,3,3,0.0,0.0,0.43,0.57,26.0,21.0,5.0,3.0,14,4,6.0,1 - 1
Guayaquil City,Barcelona SC,2021-03-07,4,2,0.0,0.0,0.39,0.61,26.0,21.0,4.0,7.0,11,0,6.0,0 - 3
Manta FC,Deportivo Cuenca,2021-03-07,3,5,0.0,0.0,0.5,0.5,25.0,25.0,5.0,1.0,17,10,8.0,1 - 0
Emelec,Delfin,2021-03-07,4,2,0.0,0.0,0.66,0.34,16.0,17.0,1.0,5.0,4,9,6.0,1 - 0
LDU de Quito,Universidad Catolica,2021-03-06,5,4,0.0,0.0,0.47,0.53,16.0,20.0,4.0,4.0,5,13,9.0,2 - 1
Orense SC,Aucas,2021-03-06,3,3,0.0,0.0,0.65,0.35,10.0,23.0,3.0,4.0,15,12,6.0,2 - 2
Delfin,Orense SC,2021-03-01,5,4,0.0,0.0,0.55,0.45,19.0,18.0,2.0,6.0,9,15,9.0,1 - 1
CSD Macara,Independiente del Valle,2021-02-28,2,4,0.0,0.0,0.3,0.7,17.0,18.0,7.0,6.0,14,7,6.0,3 - 1
Aucas,Emelec,2021-02-27,3,3,0.0,0.0,0.42,0.58,19.0,13.0,6.0,5.0,12,4,6.0,2 - 3
Universidad Catolica,Manta FC,2021-02-27,1,1,0.0,0.0,0.55,0.45,20.0,12.0,7.0,10.0,13,17,2.0,3 - 3
CSD Macara,Independiente del Valle,2021-02-27,2,3,0.0,0.0,0.3,0.7,15.0,15.0,7.0,6.0,14,7,5.0,3 - 1
Deportivo Cuenca,Guayaquil City,2021-02-27,3,2,0.0,0.0,0.33,0.67,14.0,9.0,4.0,2.0,10,11,5.0,3 - 0
Deportivo Cuenca,Guayaquil City,2021-02-26,3,2,0.0,0.0,0.33,0.67,14.0,9.0,4.0,2.0,10,11,5.0,3 - 0
Emelec,Deportivo Cuenca,2021-02-21,3,5,1.0,0.0,0.74,0.26,21.0,19.0,8.0,5.0,4,10,9.0,4 - 1
CD Tecnico Universitario,Delfin,2021-02-21,1,1,0.0,0.0,0.6,0.4,14.0,14.0,5.0,5.0,8,9,2.0,0 - 1
Orense SC,Independiente del Valle,2021-02-21,0,3,0.0,0.0,0.32,0.68,13.0,10.0,1.0,3.0,15,7,3.0,2 - 0
Guayaquil City,CSD Macara,2021-02-20,4,3,0.0,0.0,0.44,0.56,15.0,17.0,5.0,8.0,11,14,7.0,3 - 1
Mushuc Runa SC,Aucas,2021-02-20,0,3,0.0,0.0,0.57,0.43,11.0,25.0,6.0,5.0,6,12,3.0,1 - 3
LDU de Quito,9 De Octubre,2021-02-19,1,1,0.0,0.0,0.54,0.46,16.0,11.0,5.0,4.0,5,16,2.0,4 - 2
CSD Macara,Mushuc Runa SC,2022-09-04,4,3,0.0,1.0,0.46,0.54,15.0,8.0,3.0,4.0,14,6,8.0,3 - 0
CD Tecnico Universitario,Orense SC,2022-08-29,3,4,0.0,0.0,0.44,0.56,10.0,10.0,5.0,0.0,8,15,7.0,2 - 0
Barcelona SC,LDU de Quito,2022-08-29,3,2,0.0,1.0,0.37,0.63,15.0,6.0,3.0,5.0,0,5,6.0,1 - 1
Mushuc Runa SC,Gualaceo SC,2022-08-28,0,0,0.0,0.0,0.41,0.59,9.0,10.0,2.0,2.0,6,18,0.0,2 - 0
9 De Octubre,Emelec,2022-08-28,1,1,1.0,0.0,0.48,0.52,9.0,10.0,2.0,4.0,16,4,3.0,0 - 3
Aucas,Guayaquil City,2022-08-27,2,2,1.0,2.0,0.42,0.58,12.0,7.0,5.0,3.0,12,11,7.0,2 - 1
Guayaquil City,Independiente del Valle,2022-08-22,2,5,0.0,0.0,0.53,0.47,7.0,15.0,1.0,1.0,11,7,7.0,0 - 1
CSD Macara,Aucas,2022-08-21,1,4,1.0,1.0,0.44,0.56,6.0,12.0,5.0,4.0,14,12,7.0,1 - 1
LDU de Quito,Cumbayá,2022-08-20,1,3,0.0,0.0,0.61,0.39,16.0,21.0,4.0,1.0,5,19,4.0,1 - 0
Cumbayá,CSD Macara,2022-08-14,4,2,0.0,0.0,0.39,0.61,12.0,14.0,2.0,6.0,19,14,6.0,1 - 0
Barcelona SC,Universidad Catolica,2022-08-14,3,2,0.0,0.0,0.49,0.51,8.0,12.0,5.0,3.0,0,13,5.0,0 - 0
9 De Octubre,Aucas,2022-08-14,3,8,1.0,0.0,0.52,0.48,5.0,19.0,2.0,3.0,16,12,12.0,1 - 2
Mushuc Runa SC,Orense SC,2022-08-13,2,5,0.0,0.0,0.45,0.55,18.0,16.0,2.0,3.0,6,15,7.0,1 - 1
Gualaceo SC,9 De Octubre,2022-08-08,7,3,0.0,0.0,0.54,0.46,12.0,10.0,4.0,1.0,18,16,10.0,1 - 0
Barcelona SC,Mushuc Runa SC,2022-08-07,2,4,0.0,0.0,0.61,0.39,11.0,10.0,5.0,5.0,0,6,6.0,4 - 1
Guayaquil City,CSD Macara,2022-08-06,2,3,0.0,0.0,0.64,0.36,10.0,11.0,2.0,3.0,11,14,5.0,0 - 0
Orense SC,Independiente del Valle,2022-08-06,2,2,0.0,0.0,0.52,0.48,5.0,8.0,2.0,4.0,15,7,4.0,1 - 2
CD Tecnico Universitario,Cumbayá,2022-08-05,1,3,0.0,0.0,0.53,0.47,16.0,26.0,4.0,6.0,8,19,4.0,3 - 3
9 De Octubre,Orense SC,2022-08-01,3,2,0.0,0.0,0.56,0.44,15.0,13.0,0.0,1.0,16,15,5.0,0 - 0
CSD Macara,Universidad Catolica,2022-07-31,3,2,1.0,0.0,0.46,0.54,11.0,13.0,4.0,5.0,14,13,6.0,1 - 3
Independiente del Valle,Barcelona SC,2022-07-31,3,4,0.0,0.0,0.66,0.34,14.0,8.0,3.0,1.0,7,0,7.0,1 - 1
CSD Macara,Delfin,2022-07-25,4,5,0.0,0.0,0.56,0.44,10.0,12.0,3.0,3.0,14,9,9.0,1 - 2
Universidad Catolica,LDU de Quito,2022-07-24,2,3,0.0,0.0,0.55,0.45,11.0,12.0,4.0,0.0,13,5,5.0,4 - 0
Guayaquil City,Emelec,2022-07-24,1,2,0.0,0.0,0.47,0.53,7.0,10.0,0.0,8.0,11,4,3.0,0 - 0
Orense SC,Cumbayá,2022-07-23,0,3,0.0,0.0,0.65,0.35,9.0,9.0,7.0,3.0,15,19,3.0,3 - 1
Delfin,Aucas,2022-07-18,1,5,1.0,0.0,0.47,0.53,5.0,18.0,1.0,4.0,9,12,7.0,0 - 0
CD Tecnico Universitario,Barcelona SC,2022-07-17,4,3,0.0,1.0,0.6,0.4,13.0,7.0,3.0,4.0,8,0,8.0,0 - 2
Orense SC,CSD Macara,2022-07-16,5,5,0.0,1.0,0.65,0.35,13.0,7.0,1.0,2.0,15,14,11.0,1 - 1
Deportivo Cuenca,Guayaquil City,2022-07-11,3,2,0.0,0.0,0.51,0.49,14.0,8.0,2.0,1.0,10,11,5.0,1 - 0
Independiente del Valle,Cumbayá,2022-07-10,3,2,0.0,0.0,0.58,0.42,21.0,17.0,4.0,5.0,7,19,5.0,2 - 0
9 De Octubre,CD Tecnico Universitario,2022-07-09,2,1,0.0,0.0,0.48,0.52,5.0,7.0,3.0,1.0,16,8,3.0,2 - 0
Universidad Catolica,Mushuc Runa SC,2022-07-08,3,4,0.0,0.0,0.0,0.0,12.0,10.0,2.0,4.0,13,6,7.0,2 - 1
Universidad Catolica,Delfin,2022-05-30,3,1,0.0,0.0,0.55,0.45,9.0,6.0,6.0,5.0,13,9,4.0,4 - 2
LDU de Quito,CSD Macara,2022-05-30,1,3,0.0,0.0,0.53,0.47,16.0,14.0,3.0,6.0,5,14,4.0,3 - 2
Barcelona SC,Cumbayá,2022-05-30,2,6,0.0,0.0,0.66,0.34,15.0,13.0,8.0,1.0,0,19,8.0,4 - 0
9 De Octubre,Independiente del Valle,2022-05-30,1,1,0.0,0.0,0.0,0.0,6.0,7.0,2.0,1.0,16,7,2.0,1 - 1
CD Tecnico Universitario,Emelec,2022-05-29,3,2,0.0,0.0,0.0,0.0,10.0,13.0,3.0,3.0,8,4,5.0,1 - 1
Orense SC,Guayaquil City,2022-05-28,2,5,0.0,1.0,0.54,0.46,12.0,10.0,6.0,1.0,15,11,8.0,0 - 1
Mushuc Runa SC,Deportivo Cuenca,2022-05-28,4,2,0.0,0.0,0.53,0.47,14.0,17.0,2.0,0.0,6,10,6.0,1 - 0
Gualaceo SC,Aucas,2022-05-28,4,4,1.0,0.0,0.58,0.42,7.0,14.0,4.0,6.0,18,12,9.0,1 - 4
Deportivo Cuenca,Orense SC,2022-05-23,2,4,0.0,0.0,0.49,0.51,7.0,7.0,4.0,2.0,10,15,6.0,1 - 1
Aucas,Barcelona SC,2022-05-22,2,4,0.0,0.0,0.4,0.6,17.0,10.0,3.0,2.0,12,0,6.0,2 - 1
CSD Macara,CD Tecnico Universitario,2022-05-22,4,6,0.0,0.0,0.0,0.0,11.0,20.0,5.0,3.0,14,8,10.0,3 - 1
Guayaquil City,LDU de Quito,2022-05-22,1,2,0.0,1.0,0.0,0.0,6.0,16.0,4.0,5.0,11,5,4.0,2 - 2
Emelec,Universidad Catolica,2022-05-21,3,1,0.0,0.0,0.53,0.47,9.0,2.0,2.0,2.0,4,13,4.0,0 - 1
Delfin,Gualaceo SC,2022-05-21,1,3,0.0,0.0,0.0,0.0,12.0,8.0,7.0,0.0,9,18,4.0,1 - 0
Gualaceo SC,Guayaquil City,2022-05-16,3,3,0.0,0.0,0.48,0.52,18.0,9.0,4.0,1.0,18,11,6.0,2 - 1
Orense SC,Emelec,2022-05-15,3,2,0.0,0.0,0.44,0.56,9.0,9.0,5.0,1.0,15,4,5.0,2 - 0
CD Tecnico Universitario,Independiente del Valle,2022-05-15,5,4,1.0,1.0,0.5,0.5,14.0,15.0,4.0,3.0,8,7,11.0,2 - 3
LDU de Quito,Delfin,2022-05-14,2,0,0.0,1.0,0.0,0.0,7.0,9.0,4.0,2.0,5,9,3.0,3 - 2
Mushuc Runa SC,Aucas,2022-05-14,3,3,0.0,0.0,0.0,0.0,12.0,8.0,1.0,4.0,6,12,6.0,1 - 1
Barcelona SC,Emelec,2022-05-12,4,4,0.0,0.0,0.51,0.49,8.0,19.0,2.0,2.0,0,4,8.0,1 - 1
LDU de Quito,9 De Octubre,2022-05-08,3,1,0.0,1.0,0.0,0.0,14.0,8.0,4.0,1.0,5,16,5.0,2 - 0
Universidad Catolica,Gualaceo SC,2022-05-08,1,1,0.0,0.0,0.0,0.0,10.0,11.0,6.0,2.0,13,18,2.0,3 - 1
Aucas,Cumbayá,2022-05-07,2,2,0.0,0.0,0.0,0.0,11.0,12.0,4.0,3.0,12,19,4.0,1 - 0
Delfin,Orense SC,2022-05-07,2,3,0.0,0.0,0.0,0.0,9.0,7.0,5.0,1.0,9,15,5.0,2 - 1
Deportivo Cuenca,CD Tecnico Universitario,2022-05-06,2,5,0.0,1.0,0.55,0.45,4.0,5.0,3.0,1.0,10,8,8.0,1 - 0
Independiente del Valle,LDU de Quito,2022-05-01,4,3,0.0,0.0,0.0,0.0,16.0,9.0,1.0,2.0,7,5,7.0,1 - 0
Cumbayá,Deportivo Cuenca,2022-05-01,3,5,0.0,0.0,0.0,0.0,9.0,18.0,3.0,3.0,19,10,8.0,0 - 1
Orense SC,Universidad Catolica,2022-05-01,5,5,0.0,0.0,0.0,0.0,10.0,16.0,4.0,1.0,15,13,10.0,1 - 0
CD Tecnico Universitario,Aucas,2022-05-01,6,3,0.0,0.0,0.0,0.0,9.0,8.0,0.0,5.0,8,12,9.0,0 - 1
9 De Octubre,Delfin,2022-04-30,1,4,0.0,0.0,0.57,0.43,11.0,11.0,1.0,1.0,16,9,5.0,0 - 1
Mushuc Runa SC,Guayaquil City,2022-04-30,3,2,0.0,1.0,0.0,0.0,14.0,7.0,9.0,1.0,6,11,6.0,2 - 0
Gualaceo SC,CSD Macara,2022-04-29,2,4,0.0,0.0,0.0,0.0,8.0,17.0,2.0,3.0,18,14,6.0,2 - 1
Guayaquil City,Cumbayá,2022-04-25,3,4,0.0,0.0,0.6,0.4,13.0,16.0,5.0,3.0,11,19,7.0,4 - 1
LDU de Quito,Mushuc Runa SC,2022-04-24,0,0,0.0,0.0,0.53,0.47,6.0,8.0,4.0,5.0,5,6,0.0,3 - 2
LDU de Quito,Mushuc Runa SC,2022-04-24,0,0,0.0,0.0,0.53,0.47,6.0,8.0,4.0,5.0,5,6,0.0,3 - 2
Universidad Catolica,CD Tecnico Universitario,2022-04-24,2,1,0.0,1.0,0.0,0.0,19.0,5.0,5.0,2.0,13,8,4.0,4 - 1
Cumbayá,Emelec,2022-04-21,2,2,1.0,0.0,0.0,0.0,9.0,10.0,3.0,3.0,19,4,5.0,1 - 1
Aucas,Universidad Catolica,2022-04-21,2,1,0.0,0.0,0.53,0.47,11.0,6.0,5.0,6.0,12,13,3.0,3 - 2
Mushuc Runa SC,CSD Macara,2022-04-21,3,4,0.0,0.0,0.48,0.52,16.0,11.0,0.0,3.0,6,14,7.0,0 - 0
Orense SC,LDU de Quito,2022-04-20,2,2,0.0,0.0,0.0,0.0,8.0,15.0,7.0,0.0,15,5,4.0,3 - 0
Independiente del Valle,Deportivo Cuenca,2022-04-20,0,2,0.0,1.0,0.0,0.0,5.0,10.0,3.0,0.0,7,10,3.0,2 - 0
LDU de Quito,Barcelona SC,2022-04-17,5,4,0.0,0.0,0.0,0.0,15.0,6.0,3.0,0.0,5,0,9.0,2 - 0
Emelec,9 De Octubre,2022-04-17,4,3,0.0,0.0,0.6,0.4,10.0,8.0,6.0,1.0,4,16,7.0,2 - 1
Universidad Catolica,Independiente del Valle,2022-04-17,1,1,1.0,0.0,0.54,0.46,12.0,7.0,7.0,4.0,13,7,3.0,3 - 1
Delfin,Cumbayá,2022-04-16,2,3,0.0,0.0,0.58,0.42,16.0,10.0,1.0,2.0,9,19,5.0,1 - 1
Orense SC,CD Tecnico Universitario,2022-04-16,3,5,0.0,0.0,0.6,0.4,13.0,11.0,2.0,2.0,15,8,8.0,0 - 0
Gualaceo SC,Mushuc Runa SC,2022-04-15,3,3,0.0,0.0,0.0,0.0,19.0,15.0,4.0,1.0,18,6,6.0,3 - 2
Aucas,CSD Macara,2022-04-11,3,1,1.0,0.0,0.55,0.45,20.0,17.0,3.0,1.0,12,14,5.0,2 - 0
Deportivo Cuenca,Emelec,2022-04-10,1,1,0.0,0.0,0.0,0.0,9.0,5.0,3.0,2.0,10,4,2.0,2 - 2
Independiente del Valle,Guayaquil City,2022-04-10,2,3,0.0,0.0,0.0,0.0,13.0,4.0,5.0,0.0,7,11,5.0,0 - 0
Cumbayá,LDU de Quito,2022-04-10,5,2,0.0,0.0,0.0,0.0,10.0,14.0,2.0,3.0,19,5,7.0,0 - 2
9 De Octubre,Universidad Catolica,2022-04-09,2,2,1.0,0.0,0.4,0.6,8.0,15.0,1.0,4.0,16,13,5.0,0 - 4
CSD Macara,Cumbayá,2022-04-04,4,4,0.0,0.0,0.52,0.48,12.0,9.0,2.0,3.0,14,19,8.0,0 - 0
Delfin,Deportivo Cuenca,2022-04-04,1,5,0.0,0.0,0.64,0.36,11.0,17.0,3.0,2.0,9,10,6.0,0 - 0
Guayaquil City,CD Tecnico Universitario,2022-04-03,3,4,0.0,0.0,0.56,0.44,19.0,22.0,2.0,2.0,11,8,7.0,0 - 1
Orense SC,Mushuc Runa SC,2022-04-03,1,2,0.0,0.0,0.55,0.45,12.0,15.0,4.0,2.0,15,6,3.0,0 - 0
Aucas,9 De Octubre,2022-04-03,3,3,0.0,0.0,0.55,0.45,8.0,9.0,4.0,2.0,12,16,6.0,1 - 1
Gualaceo SC,Independiente del Valle,2022-04-02,2,5,0.0,0.0,0.54,0.46,11.0,10.0,3.0,6.0,18,7,7.0,1 - 3
Emelec,LDU de Quito,2022-04-02,3,1,0.0,0.0,0.0,0.0,15.0,12.0,3.0,3.0,4,5,4.0,2 - 0
Deportivo Cuenca,Universidad Catolica,2022-03-22,1,4,0.0,0.0,0.44,0.56,7.0,13.0,3.0,6.0,10,13,5.0,0 - 2
CSD Macara,Guayaquil City,2022-03-20,1,1,0.0,0.0,0.44,0.56,17.0,14.0,8.0,2.0,14,11,2.0,2 - 0
9 De Octubre,Gualaceo SC,2022-03-20,2,5,0.0,0.0,0.0,0.0,17.0,9.0,3.0,3.0,16,18,7.0,1 - 1
LDU de Quito,Aucas,2022-03-19,2,6,1.0,0.0,0.0,0.0,16.0,9.0,9.0,5.0,5,12,9.0,4 - 4
Cumbayá,CD Tecnico Universitario,2022-03-19,2,1,0.0,0.0,0.47,0.53,14.0,14.0,4.0,0.0,19,8,3.0,2 - 0
Independiente del Valle,Orense SC,2022-03-18,3,3,0.0,0.0,0.0,0.0,12.0,6.0,3.0,1.0,7,15,6.0,1 - 1
Guayaquil City,Delfin,2022-03-14,5,3,0.0,0.0,0.6,0.4,10.0,17.0,5.0,5.0,11,9,8.0,1 - 1
Gualaceo SC,Emelec,2022-03-13,2,2,0.0,0.0,0.49,0.51,7.0,15.0,4.0,3.0,18,4,4.0,2 - 1
Universidad Catolica,CSD Macara,2022-03-13,1,0,0.0,0.0,0.63,0.37,16.0,12.0,2.0,4.0,13,14,1.0,2 - 2
Orense SC,9 De Octubre,2022-03-13,3,2,1.0,0.0,0.6,0.4,16.0,12.0,1.0,2.0,15,16,6.0,2 - 1
CD Tecnico Universitario,LDU de Quito,2022-03-12,5,1,0.0,0.0,0.45,0.55,18.0,12.0,4.0,4.0,8,5,6.0,1 - 2
Aucas,Deportivo Cuenca,2022-03-11,5,5,0.0,0.0,0.55,0.45,8.0,18.0,4.0,4.0,12,10,10.0,0 - 0
CSD Macara,Orense SC,2022-02-28,2,3,0.0,0.0,0.54,0.46,15.0,10.0,6.0,1.0,14,15,5.0,1 - 0
Independiente del Valle,Emelec,2022-02-27,4,6,0.0,0.0,0.53,0.47,4.0,11.0,3.0,2.0,7,4,10.0,0 - 1
9 De Octubre,Mushuc Runa SC,2022-02-27,4,4,0.0,0.0,0.52,0.48,13.0,16.0,5.0,2.0,16,6,8.0,2 - 0
CD Tecnico Universitario,9 De Octubre,2022-02-21,4,4,0.0,0.0,0.45,0.55,23.0,14.0,6.0,3.0,8,16,8.0,2 - 1
LDU de Quito,Independiente del Valle,2023-12-17,2,2,0.0,0.0,0.44,0.56,12.0,11.0,4.0,7.0,5,7,4.0,1 - 1
Independiente del Valle,LDU de Quito,2023-12-10,3,4,0.0,0.0,0.6,0.4,12.0,10.0,8.0,2.0,7,5,7.0,0 - 0
Emelec,Deportivo Cuenca,2023-12-03,2,1,0.0,0.0,0.64,0.36,13.0,15.0,5.0,8.0,4,10,3.0,2 - 1
Delfin,CD Tecnico Universitario,2023-12-03,3,4,0.0,0.0,0.4,0.6,15.0,16.0,4.0,3.0,9,8,7.0,2 - 2
Universidad Catolica,Barcelona SC,2023-12-03,0,2,0.0,0.0,0.53,0.47,10.0,14.0,3.0,3.0,13,0,2.0,0 - 1
Orense SC,Aucas,2023-12-03,2,5,0.0,0.0,0.64,0.36,9.0,18.0,9.0,4.0,15,12,7.0,1 - 2
LDU de Quito,Mushuc Runa SC,2023-12-02,1,4,0.0,0.0,0.62,0.38,10.0,13.0,6.0,4.0,5,6,5.0,3 - 1
Libertad,Cumbayá,2023-12-02,2,2,0.0,0.0,0.43,0.57,14.0,9.0,7.0,4.0,20,19,4.0,3 - 1
Guayaquil City,Gualaceo SC,2023-12-02,3,4,0.0,0.0,0.68,0.32,11.0,19.0,3.0,5.0,11,18,7.0,0 - 2
El Nacional,Independiente del Valle,2023-12-02,1,0,0.0,0.0,0.43,0.57,14.0,16.0,6.0,4.0,2,7,1.0,2 - 1
Gualaceo SC,Emelec,2023-11-26,4,3,0.0,1.0,0.49,0.51,14.0,13.0,7.0,4.0,18,4,8.0,0 - 2
CD Tecnico Universitario,Libertad,2023-11-26,3,4,0.0,0.0,0.63,0.37,12.0,18.0,2.0,2.0,8,20,7.0,1 - 1
Cumbayá,LDU de Quito,2023-11-26,3,0,0.0,0.0,0.33,0.67,10.0,14.0,3.0,8.0,19,5,3.0,1 - 2
Barcelona SC,Guayaquil City,2023-11-26,1,1,0.0,0.0,0.49,0.51,14.0,16.0,4.0,4.0,0,11,2.0,2 - 1
Independiente del Valle,Orense SC,2023-11-25,4,7,0.0,1.0,0.63,0.37,11.0,5.0,6.0,4.0,7,15,12.0,2 - 2
Mushuc Runa SC,Universidad Catolica,2023-11-25,1,2,0.0,0.0,0.4,0.6,13.0,12.0,1.0,9.0,6,13,3.0,0 - 2
Deportivo Cuenca,El Nacional,2023-11-25,2,1,0.0,2.0,0.57,0.43,14.0,13.0,13.0,5.0,10,2,5.0,1 - 0
Aucas,Delfin,2023-11-25,2,2,0.0,0.0,0.52,0.48,10.0,4.0,7.0,2.0,12,9,4.0,0 - 0
Delfin,Deportivo Cuenca,2023-11-13,5,4,0.0,1.0,0.5,0.5,12.0,15.0,7.0,4.0,9,10,10.0,0 - 0
Emelec,Barcelona SC,2023-11-12,2,2,0.0,0.0,0.47,0.53,19.0,14.0,5.0,2.0,4,0,4.0,0 - 0
Libertad,LDU de Quito,2023-11-12,3,4,0.0,0.0,0.45,0.55,9.0,13.0,4.0,6.0,20,5,7.0,0 - 2
El Nacional,Gualaceo SC,2023-11-12,2,4,0.0,1.0,0.61,0.39,18.0,15.0,5.0,2.0,2,18,7.0,4 - 2
Aucas,Independiente del Valle,2023-11-11,1,2,0.0,0.0,0.29,0.71,8.0,6.0,5.0,9.0,12,7,3.0,2 - 0
Guayaquil City,CD Tecnico Universitario,2023-11-11,5,3,0.0,1.0,0.68,0.32,14.0,18.0,6.0,2.0,11,8,9.0,1 - 0
Universidad Catolica,Cumbayá,2023-11-11,3,2,0.0,0.0,0.72,0.28,10.0,8.0,2.0,3.0,13,19,5.0,1 - 0
Orense SC,Mushuc Runa SC,2023-11-10,1,4,0.0,1.0,0.61,0.39,9.0,15.0,1.0,3.0,15,6,6.0,1 - 0
CD Tecnico Universitario,LDU de Quito,2023-11-08,1,2,1.0,0.0,0.35,0.65,10.0,12.0,7.0,7.0,8,5,4.0,? - ?
Barcelona SC,El Nacional,2023-11-05,4,5,0.0,0.0,0.64,0.36,14.0,20.0,3.0,6.0,0,2,9.0,3 - 2
Cumbayá,Orense SC,2023-11-05,3,2,1.0,0.0,0.5,0.5,12.0,16.0,3.0,1.0,19,15,6.0,0 - 1
Mushuc Runa SC,CD Tecnico Universitario,2023-11-05,4,2,1.0,0.0,0.47,0.53,15.0,16.0,2.0,4.0,6,8,7.0,1 - 0
LDU de Quito,Independiente del Valle,2023-11-04,3,1,0.0,0.0,0.29,0.71,13.0,8.0,3.0,4.0,5,7,4.0,2 - 0
Guayaquil City,Emelec,2023-11-04,3,5,0.0,0.0,0.49,0.51,12.0,13.0,5.0,3.0,11,4,8.0,0 - 0
Gualaceo SC,Delfin,2023-11-04,3,1,0.0,0.0,0.54,0.46,12.0,13.0,9.0,5.0,18,9,4.0,2 - 2
LDU de Quito,Universidad Catolica,2023-11-01,2,4,0.0,0.0,0.55,0.45,9.0,9.0,7.0,7.0,5,13,6.0,? - ?
El Nacional,Guayaquil City,2023-10-30,2,1,0.0,0.0,0.45,0.55,14.0,8.0,9.0,0.0,2,11,3.0,2 - 0
Orense SC,Barcelona SC,2023-10-29,3,4,1.0,0.0,0.49,0.51,11.0,14.0,5.0,5.0,15,0,8.0,2 - 3
Aucas,Mushuc Runa SC,2023-10-29,2,1,0.0,0.0,0.51,0.49,10.0,8.0,7.0,6.0,12,6,3.0,4 - 0
Independiente del Valle,Deportivo Cuenca,2023-10-28,2,1,0.0,0.0,0.64,0.36,14.0,10.0,6.0,3.0,7,10,3.0,2 - 0
Libertad,Gualaceo SC,2023-10-27,5,1,0.0,0.0,0.48,0.52,13.0,5.0,3.0,4.0,20,18,6.0,3 - 0
Universidad Catolica,Delfin,2023-10-23,2,3,0.0,0.0,0.7,0.3,10.0,7.0,11.0,5.0,13,9,5.0,2 - 2
Guayaquil City,Independiente del Valle,2023-10-22,2,3,0.0,0.0,0.45,0.55,13.0,15.0,3.0,6.0,11,7,5.0,0 - 2
Gualaceo SC,Aucas,2023-10-22,1,4,0.0,0.0,0.42,0.58,10.0,17.0,4.0,4.0,18,12,5.0,1 - 2
Barcelona SC,Libertad,2023-10-21,3,2,1.0,0.0,0.58,0.42,15.0,11.0,4.0,1.0,0,20,6.0,1 - 0
Mushuc Runa SC,Deportivo Cuenca,2023-10-21,4,2,0.0,1.0,0.5,0.5,21.0,8.0,6.0,3.0,6,10,7.0,1 - 1
Cumbayá,CD Tecnico Universitario,2023-10-21,4,3,1.0,0.0,0.52,0.48,7.0,15.0,1.0,5.0,19,8,8.0,0 - 1
Orense SC,El Nacional,2023-10-20,5,4,0.0,0.0,0.71,0.29,12.0,22.0,8.0,3.0,15,2,9.0,1 - 1
Libertad,Guayaquil City,2023-10-09,3,4,0.0,1.0,0.72,0.28,12.0,6.0,3.0,0.0,20,11,8.0,1 - 0
Delfin,LDU de Quito,2023-10-08,1,3,0.0,0.0,0.35,0.65,8.0,15.0,4.0,1.0,9,5,4.0,0 - 0
Independiente del Valle,Gualaceo SC,2023-10-08,4,3,0.0,0.0,0.72,0.28,15.0,6.0,9.0,4.0,7,18,7.0,2 - 0
El Nacional,Mushuc Runa SC,2023-10-08,4,4,0.0,0.0,0.49,0.51,13.0,8.0,6.0,6.0,2,6,8.0,2 - 0
Aucas,Barcelona SC,2023-10-07,6,4,0.0,1.0,0.49,0.51,9.0,9.0,9.0,3.0,12,0,11.0,3 - 2
Emelec,Cumbayá,2023-10-07,1,3,0.0,1.0,0.62,0.38,12.0,8.0,9.0,4.0,4,19,5.0,3 - 0
CD Tecnico Universitario,Orense SC,2023-10-07,3,4,0.0,0.0,0.48,0.52,18.0,14.0,3.0,5.0,8,15,7.0,2 - 1
Deportivo Cuenca,Universidad Catolica,2023-10-06,3,2,0.0,0.0,0.44,0.56,18.0,7.0,12.0,6.0,10,13,5.0,2 - 3
Barcelona SC,CD Tecnico Universitario,2023-10-01,4,3,0.0,0.0,0.57,0.43,10.0,8.0,4.0,3.0,0,8,7.0,1 - 0
Orense SC,Libertad,2023-10-01,1,2,0.0,1.0,0.63,0.37,13.0,9.0,7.0,1.0,15,20,4.0,3 - 0
Guayaquil City,Aucas,2023-10-01,3,3,0.0,0.0,0.64,0.36,17.0,9.0,2.0,3.0,11,12,6.0,0 - 1
Independiente del Valle,Emelec,2023-09-30,3,3,0.0,0.0,0.67,0.33,9.0,9.0,9.0,5.0,7,4,6.0,2 - 1
El Nacional,Delfin,2023-09-30,5,4,0.0,0.0,0.65,0.35,13.0,22.0,7.0,3.0,2,9,9.0,2 - 2
Mushuc Runa SC,Cumbayá,2023-09-30,3,2,0.0,0.0,0.53,0.47,11.0,8.0,3.0,3.0,6,19,5.0,1 - 1
Gualaceo SC,Deportivo Cuenca,2023-09-29,4,5,0.0,0.0,0.46,0.54,11.0,13.0,2.0,1.0,18,10,9.0,? - ?
Libertad,El Nacional,2023-09-25,2,3,0.0,0.0,0.62,0.38,13.0,13.0,4.0,4.0,20,2,5.0,0 - 1
Deportivo Cuenca,Barcelona SC,2023-09-24,5,4,2.0,1.0,0.55,0.45,11.0,18.0,4.0,6.0,10,0,12.0,1 - 2
Delfin,Guayaquil City,2023-09-24,1,2,0.0,0.0,0.51,0.49,11.0,11.0,6.0,4.0,9,11,3.0,1 - 0
Cumbayá,Aucas,2023-09-24,3,3,0.0,0.0,0.55,0.45,7.0,12.0,3.0,6.0,19,12,6.0,1 - 1
CD Tecnico Universitario,Independiente del Valle,2023-09-23,4,6,0.0,1.0,0.44,0.56,11.0,12.0,3.0,2.0,8,7,11.0,2 - 2
Emelec,Mushuc Runa SC,2023-09-23,3,2,1.0,1.0,0.5,0.5,12.0,19.0,5.0,5.0,4,6,7.0,3 - 1
Universidad Catolica,Gualaceo SC,2023-09-23,3,3,0.0,0.0,0.73,0.27,9.0,8.0,2.0,0.0,13,18,6.0,0 - 0
LDU de Quito,Orense SC,2023-09-22,3,2,0.0,0.0,0.61,0.39,11.0,2.0,3.0,6.0,5,15,5.0,1 - 0
Gualaceo SC,Cumbayá,2023-09-18,2,0,0.0,0.0,0.54,0.46,13.0,11.0,2.0,5.0,18,19,2.0,0 - 3
Barcelona SC,LDU de Quito,2023-09-17,8,5,0.0,1.0,0.42,0.58,14.0,8.0,3.0,1.0,0,5,14.0,1 - 0
Independiente del Valle,Libertad,2023-09-17,1,1,0.0,0.0,0.73,0.27,10.0,5.0,8.0,3.0,7,20,2.0,2 - 0
Aucas,CD Tecnico Universitario,2023-09-17,6,4,0.0,0.0,0.65,0.35,10.0,17.0,5.0,9.0,12,8,10.0,2 - 4
El Nacional,Emelec,2023-09-16,5,3,0.0,1.0,0.45,0.55,20.0,8.0,3.0,1.0,2,4,9.0,1 - 1
Guayaquil City,Deportivo Cuenca,2023-09-16,1,2,0.0,0.0,0.62,0.38,11.0,11.0,3.0,1.0,11,10,3.0,0 - 0
Mushuc Runa SC,Delfin,2023-09-16,5,1,0.0,0.0,0.57,0.43,27.0,12.0,7.0,5.0,6,9,6.0,2 - 0
Orense SC,Universidad Catolica,2023-09-15,3,3,0.0,1.0,0.53,0.47,14.0,13.0,8.0,4.0,15,13,7.0,1 - 2
LDU de Quito,Guayaquil City,2023-09-04,2,3,0.0,0.0,0.5,0.5,15.0,6.0,14.0,3.0,5,11,5.0,2 - 0
Deportivo Cuenca,Orense SC,2023-09-03,3,2,0.0,0.0,0.53,0.47,17.0,8.0,4.0,2.0,10,15,5.0,1 - 0
Emelec,Aucas,2023-09-02,8,1,1.0,0.0,0.57,0.43,25.0,16.0,9.0,2.0,4,12,10.0,0 - 0
Universidad Catolica,El Nacional,2023-09-02,4,5,1.0,0.0,0.6,0.4,12.0,9.0,5.0,5.0,13,2,10.0,1 - 1
Libertad,Mushuc Runa SC,2023-09-02,2,8,1.0,0.0,0.47,0.53,13.0,14.0,3.0,3.0,20,6,11.0,0 - 1
Delfin,Independiente del Valle,2023-09-01,4,6,2.0,0.0,0.32,0.68,14.0,16.0,2.0,4.0,9,7,12.0,1 - 0
Deportivo Cuenca,CD Tecnico Universitario,2023-08-28,2,1,0.0,0.0,0.58,0.42,13.0,15.0,5.0,6.0,10,8,3.0,1 - 1
Emelec,Delfin,2023-08-27,3,4,0.0,0.0,0.69,0.31,12.0,13.0,2.0,1.0,4,9,7.0,0 - 1
Aucas,Libertad,2023-08-27,1,4,0.0,0.0,0.68,0.32,10.0,17.0,5.0,5.0,12,20,5.0,1 - 2
Mushuc Runa SC,Barcelona SC,2023-08-26,6,2,1.0,0.0,0.53,0.47,14.0,5.0,2.0,7.0,6,0,9.0,2 - 2
Guayaquil City,Orense SC,2023-08-26,3,3,0.0,0.0,0.4,0.6,19.0,15.0,2.0,3.0,11,15,6.0,1 - 0
Independiente del Valle,Universidad Catolica,2023-08-26,4,1,2.0,0.0,0.69,0.31,9.0,9.0,5.0,1.0,7,13,7.0,0 - 1
Barcelona SC,Independiente del Valle,2023-08-19,6,5,0.0,0.0,0.54,0.46,18.0,17.0,4.0,3.0,0,7,11.0,1 - 1
LDU de Quito,El Nacional,2023-08-18,3,3,0.0,0.0,0.65,0.35,16.0,13.0,3.0,3.0,5,2,6.0,0 - 0
Cumbayá,Deportivo Cuenca,2023-08-18,3,1,0.0,0.0,0.44,0.56,15.0,13.0,5.0,4.0,19,10,4.0,1 - 1
CD Tecnico Universitario,Emelec,2023-08-17,1,5,0.0,0.0,0.56,0.44,16.0,18.0,2.0,3.0,8,4,6.0,0 - 0
Libertad,Delfin,2023-08-17,5,3,0.0,0.0,0.58,0.42,13.0,10.0,6.0,3.0,20,9,8.0,1 - 3
Orense SC,Gualaceo SC,2023-08-16,1,3,0.0,0.0,0.52,0.48,13.0,11.0,6.0,4.0,15,18,4.0,2 - 0
Mushuc Runa SC,Guayaquil City,2023-08-16,3,1,0.0,0.0,0.45,0.55,20.0,13.0,10.0,3.0,6,11,4.0,3 - 0
Aucas,LDU de Quito,2023-08-13,3,5,0.0,1.0,0.48,0.52,8.0,14.0,8.0,3.0,12,5,9.0,0 - 0
Emelec,Orense SC,2023-08-13,3,3,0.0,0.0,0.58,0.42,15.0,13.0,2.0,1.0,4,15,6.0,0 - 0
Independiente del Valle,Cumbayá,2023-08-13,2,4,0.0,1.0,0.64,0.36,10.0,13.0,4.0,1.0,7,19,7.0,2 - 0
CD Tecnico Universitario,El Nacional,2023-08-12,5,4,0.0,0.0,0.57,0.43,16.0,25.0,3.0,6.0,8,2,9.0,3 - 3
LDU de Quito,Deportivo Cuenca,2023-08-07,1,4,0.0,0.0,0.59,0.41,10.0,7.0,4.0,1.0,5,10,5.0,2 - 0
Barcelona SC,Gualaceo SC,2023-08-06,2,1,0.0,0.0,0.48,0.52,25.0,11.0,5.0,3.0,0,18,3.0,2 - 0
Cumbayá,Guayaquil City,2023-08-06,2,2,0.0,0.0,0.52,0.48,13.0,13.0,9.0,3.0,19,11,4.0,2 - 2
Mushuc Runa SC,Independiente del Valle,2023-08-06,2,4,1.0,0.0,0.26,0.74,11.0,16.0,1.0,7.0,6,7,7.0,1 - 0
El Nacional,Aucas,2023-08-05,3,0,0.0,0.0,0.47,0.53,12.0,5.0,7.0,6.0,2,12,3.0,2 - 2
Orense SC,Delfin,2023-08-05,3,3,0.0,0.0,0.62,0.38,16.0,16.0,5.0,0.0,15,9,6.0,0 - 0
Universidad Catolica,CD Tecnico Universitario,2023-08-05,1,2,0.0,0.0,0.71,0.29,13.0,14.0,2.0,3.0,13,8,3.0,0 - 0
Libertad,Emelec,2023-08-04,0,4,0.0,1.0,0.41,0.59,17.0,12.0,4.0,1.0,20,4,5.0,0 - 0
Aucas,Orense SC,2023-06-24,5,1,1.0,0.0,0.57,0.43,17.0,15.0,7.0,2.0,12,15,7.0,2 - 0
CD Tecnico Universitario,Delfin,2023-06-19,1,1,0.0,0.0,0.44,0.56,17.0,6.0,6.0,2.0,8,9,2.0,3 - 0
Mushuc Runa SC,LDU de Quito,2023-06-17,4,2,0.0,0.0,0.33,0.67,15.0,15.0,3.0,8.0,6,5,6.0,2 - 2
Gualaceo SC,Guayaquil City,2023-06-17,1,2,0.0,1.0,0.4,0.6,13.0,9.0,5.0,5.0,18,11,4.0,2 - 1
Cumbayá,Libertad,2023-06-17,4,1,0.0,0.0,0.42,0.58,18.0,11.0,6.0,2.0,19,20,5.0,2 - 1
Independiente del Valle,El Nacional,2023-06-16,5,6,3.0,1.0,0.62,0.38,13.0,16.0,8.0,9.0,7,2,15.0,3 - 4
Emelec,Gualaceo SC,2023-06-12,2,1,0.0,0.0,0.61,0.39,11.0,9.0,7.0,5.0,4,18,3.0,0 - 0
Guayaquil City,Barcelona SC,2023-06-11,2,3,0.0,1.0,0.65,0.35,23.0,20.0,4.0,2.0,11,0,6.0,1 - 2
Orense SC,Independiente del Valle,2023-06-11,3,1,1.0,0.0,0.39,0.61,16.0,14.0,2.0,4.0,15,7,5.0,0 - 2
Delfin,Aucas,2023-06-11,6,3,0.0,0.0,0.4,0.6,30.0,13.0,2.0,3.0,9,12,9.0,2 - 0
El Nacional,Deportivo Cuenca,2023-06-10,4,3,0.0,0.0,0.43,0.57,20.0,15.0,6.0,4.0,2,10,7.0,3 - 1
LDU de Quito,Cumbayá,2023-06-10,0,7,0.0,1.0,0.69,0.31,14.0,22.0,4.0,1.0,5,19,8.0,0 - 0
Libertad,CD Tecnico Universitario,2023-06-10,3,5,1.0,4.0,0.62,0.38,17.0,16.0,4.0,0.0,20,8,13.0,1 - 0
Universidad Catolica,Mushuc Runa SC,2023-06-09,4,0,2.0,0.0,0.59,0.41,17.0,11.0,8.0,4.0,13,6,6.0,3 - 2
Gualaceo SC,El Nacional,2023-06-04,3,3,0.0,0.0,0.52,0.48,10.0,21.0,7.0,8.0,18,2,6.0,3 - 4
CD Tecnico Universitario,Guayaquil City,2023-06-04,4,3,1.0,0.0,0.45,0.55,15.0,15.0,6.0,1.0,8,11,8.0,3 - 0
Cumbayá,Universidad Catolica,2023-06-04,2,1,0.0,0.0,0.44,0.56,21.0,19.0,1.0,3.0,19,13,3.0,0 - 1
Barcelona SC,Emelec,2023-06-03,5,7,1.0,0.0,0.53,0.47,16.0,18.0,1.0,8.0,0,4,13.0,1 - 3
Mushuc Runa SC,Orense SC,2023-06-03,5,2,1.0,0.0,0.39,0.61,14.0,13.0,6.0,3.0,6,15,8.0,3 - 1
LDU de Quito,Libertad,2023-06-03,2,6,0.0,1.0,0.64,0.36,12.0,13.0,6.0,3.0,5,20,9.0,4 - 2
Independiente del Valle,Aucas,2023-06-02,6,5,0.0,1.0,0.65,0.35,21.0,13.0,4.0,6.0,7,12,12.0,2 - 0
Emelec,Guayaquil City,2023-05-29,4,1,0.0,0.0,0.51,0.49,22.0,10.0,3.0,2.0,4,11,5.0,0 - 0
El Nacional,Barcelona SC,2023-05-28,3,1,0.0,0.0,0.46,0.54,16.0,7.0,8.0,5.0,2,0,4.0,4 - 1
Independiente del Valle,LDU de Quito,2023-05-28,6,4,1.0,0.0,0.52,0.48,11.0,13.0,2.0,5.0,7,5,11.0,2 - 3
Aucas,Deportivo Cuenca,2023-05-28,3,5,2.0,0.0,0.41,0.59,15.0,17.0,3.0,6.0,12,10,10.0,0 - 2
Delfin,Gualaceo SC,2023-05-27,3,5,0.0,0.0,0.44,0.56,21.0,22.0,3.0,1.0,9,18,8.0,1 - 0
Orense SC,Cumbayá,2023-05-27,2,3,0.0,0.0,0.7,0.3,12.0,12.0,3.0,1.0,15,19,5.0,1 - 0
CD Tecnico Universitario,Mushuc Runa SC,2023-05-27,3,1,0.0,1.0,0.31,0.69,18.0,14.0,4.0,3.0,8,6,5.0,1 - 0
LDU de Quito,Delfin,2023-05-08,0,3,0.0,0.0,0.74,0.26,7.0,10.0,6.0,2.0,5,9,3.0,1 - 1
Universidad Catolica,Deportivo Cuenca,2023-05-06,3,4,0.0,1.0,0.58,0.42,19.0,13.0,5.0,3.0,13,10,8.0,1 - 0
Aucas,Universidad Catolica,2023-03-19,4,3,0.0,1.0,0.46,0.54,14.0,12.0,6.0,9.0,12,13,8.0,4 - 1
El Nacional,CD Tecnico Universitario,2023-03-04,6,4,0.0,0.0,0.42,0.58,12.0,9.0,4.0,5.0,2,8,10.0,3 - 2
Independiente del Valle,Mushuc Runa SC,2023-02-25,2,2,0.0,0.0,0.61,0.39,15.0,14.0,5.0,2.0,7,6,4.0,3 - 1
Independiente del Valle,LDU de Quito,2024-12-14,3,6,0.0,0.0,0.73,0.27,11.0,14.0,7.0,2.0,7,5,9.0,1 - 0
LDU de Quito,Independiente del Valle,2024-12-07,1,0,0.0,0.0,0.41,0.59,11.0,8.0,6.0,2.0,5,7,1.0,3 - 0
LDU de Quito,Deportivo Cuenca,2024-12-01,0,2,0.0,0.0,0.48,0.52,10.0,7.0,6.0,1.0,5,10,2.0,5 - 0
El Nacional,CD Tecnico Universitario,2024-12-01,6,1,1.0,0.0,0.37,0.63,25.0,11.0,4.0,4.0,2,8,8.0,2 - 1
Barcelona SC,Mushuc Runa SC,2024-12-01,3,3,0.0,0.0,0.65,0.35,11.0,14.0,4.0,3.0,0,6,6.0,2 - 2
Orense SC,Independiente del Valle,2024-12-01,2,2,0.0,0.0,0.34,0.66,8.0,21.0,2.0,7.0,15,7,4.0,0 - 0
Imbabura,Aucas,2024-11-30,3,4,0.0,0.0,0.53,0.47,15.0,13.0,8.0,6.0,21,12,7.0,1 - 2
Libertad,Emelec,2024-11-30,3,3,0.0,0.0,0.4,0.6,13.0,11.0,7.0,5.0,20,4,6.0,2 - 1
Delfin,Cumbayá,2024-11-30,2,0,0.0,0.0,0.0,0.0,16.0,13.0,12.0,11.0,9,19,2.0,6 - 4
CSD Macara,Universidad Catolica,2024-11-30,3,1,0.0,0.0,0.56,0.43,11.0,14.0,3.0,5.0,14,13,4.0,1 - 2
Independiente del Valle,CSD Macara,2024-11-24,0,1,0.0,0.0,0.71,0.28,7.0,11.0,10.0,2.0,7,14,1.0,7 - 0
Universidad Catolica,LDU de Quito,2024-11-24,1,1,0.0,1.0,0.66,0.34,5.0,20.0,9.0,4.0,13,5,3.0,2 - 4
Aucas,Delfin,2024-11-24,3,2,0.0,0.0,0.64,0.36,9.0,4.0,8.0,1.0,12,9,5.0,2 - 0
Mushuc Runa SC,El Nacional,2024-11-24,1,3,0.0,0.0,0.53,0.47,15.0,18.0,5.0,5.0,6,2,4.0,2 - 2
Cumbayá,Orense SC,2024-11-23,2,3,0.0,0.0,0.44,0.56,10.0,14.0,9.0,6.0,19,15,5.0,2 - 2
Deportivo Cuenca,Libertad,2024-11-23,2,2,0.0,0.0,0.54,0.46,19.0,14.0,1.0,4.0,10,20,4.0,1 - 1
CD Tecnico Universitario,Barcelona SC,2024-11-23,3,1,0.0,0.0,0.54,0.46,19.0,5.0,8.0,6.0,8,0,4.0,2 - 2
Imbabura,Deportivo Cuenca,2024-11-11,4,4,0.0,0.0,0.56,0.44,18.0,17.0,4.0,2.0,21,10,8.0,0 - 2
Barcelona SC,Cumbayá,2024-11-10,0,2,0.0,0.0,0.57,0.42,17.0,17.0,12.0,5.0,0,19,2.0,8 - 1
Orense SC,CD Tecnico Universitario,2024-11-10,2,3,0.0,1.0,0.57,0.43,8.0,18.0,4.0,4.0,15,8,6.0,0 - 2
El Nacional,Libertad,2024-11-10,3,0,0.0,0.0,0.55,0.45,11.0,17.0,5.0,6.0,2,20,3.0,1 - 4
LDU de Quito,Independiente del Valle,2024-11-09,0,4,0.0,0.0,0.38,0.62,10.0,7.0,4.0,4.0,5,7,4.0,2 - 1
CSD Macara,Emelec,2024-11-09,3,3,0.0,0.0,0.5,0.5,13.0,13.0,5.0,1.0,14,4,6.0,1 - 1
Universidad Catolica,Aucas,2024-11-09,0,0,0.0,0.0,0.51,0.49,12.0,15.0,3.0,4.0,13,12,0.0,3 - 2
Delfin,Mushuc Runa SC,2024-11-08,4,4,0.0,0.0,0.48,0.52,17.0,16.0,4.0,6.0,9,6,8.0,4 - 2
CD Tecnico Universitario,Universidad Catolica,2024-11-04,2,6,0.0,0.0,0.4,0.6,11.0,13.0,5.0,1.0,8,13,8.0,2 - 0
Emelec,LDU de Quito,2024-11-03,6,4,0.0,0.0,0.51,0.49,16.0,13.0,3.0,8.0,4,5,10.0,0 - 1
Independiente del Valle,El Nacional,2024-11-03,2,3,0.0,0.0,0.61,0.39,7.0,12.0,6.0,0.0,7,2,5.0,2 - 0
Mushuc Runa SC,CSD Macara,2024-11-03,3,1,0.0,0.0,0.53,0.47,17.0,8.0,4.0,5.0,6,14,4.0,2 - 1
Aucas,Barcelona SC,2024-11-02,0,1,2.0,1.0,0.53,0.47,14.0,9.0,6.0,2.0,12,0,4.0,1 - 1
Libertad,Imbabura,2024-11-02,4,5,0.0,0.0,0.54,0.46,13.0,18.0,7.0,5.0,20,21,9.0,3 - 1
Cumbayá,Deportivo Cuenca,2024-11-02,5,0,0.0,0.0,0.43,0.56,16.0,10.0,5.0,3.0,19,10,5.0,1 - 0
Orense SC,Delfin,2024-11-01,0,0,0.0,0.0,0.65,0.35,10.0,12.0,9.0,2.0,15,9,0.0,0 - 0
Imbabura,CD Tecnico Universitario,2024-10-28,4,1,2.0,0.0,0.52,0.48,17.0,12.0,1.0,8.0,21,8,7.0,0 - 6
Barcelona SC,Delfin,2024-10-27,1,3,0.0,1.0,0.62,0.38,13.0,11.0,13.0,1.0,0,9,5.0,4 - 0
El Nacional,Orense SC,2024-10-27,0,1,0.0,0.0,0.64,0.36,7.0,12.0,4.0,2.0,2,15,1.0,0 - 1
CSD Macara,Cumbayá,2024-10-27,3,1,0.0,0.0,0.48,0.52,13.0,9.0,5.0,2.0,14,19,4.0,1 - 1
Universidad Catolica,Emelec,2024-10-26,1,1,0.0,0.0,0.53,0.47,12.0,18.0,6.0,2.0,13,4,2.0,2 - 0
Libertad,Aucas,2024-10-26,2,2,0.0,0.0,0.0,0.0,19.0,17.0,4.0,5.0,20,12,4.0,1 - 1
Deportivo Cuenca,Independiente del Valle,2024-10-25,1,1,0.0,0.0,0.55,0.45,6.0,12.0,6.0,6.0,10,7,2.0,0 - 2
Delfin,El Nacional,2024-10-20,3,0,0.0,0.0,0.44,0.56,13.0,8.0,2.0,3.0,9,2,3.0,1 - 1
Aucas,CSD Macara,2024-10-20,3,2,0.0,0.0,0.56,0.43,8.0,9.0,6.0,4.0,12,14,5.0,3 - 1
Independiente del Valle,Imbabura,2024-10-19,2,2,1.0,0.0,0.46,0.54,9.0,14.0,4.0,2.0,7,21,5.0,3 - 1
CD Tecnico Universitario,LDU de Quito,2024-10-19,2,3,0.0,1.0,0.52,0.48,11.0,12.0,2.0,3.0,8,5,6.0,1 - 2
Mushuc Runa SC,Deportivo Cuenca,2024-10-19,3,4,0.0,0.0,0.35,0.65,13.0,8.0,5.0,4.0,6,10,7.0,1 - 1
Orense SC,Libertad,2024-10-18,2,1,0.0,0.0,0.59,0.41,8.0,19.0,5.0,2.0,15,20,3.0,1 - 0
Cumbayá,Universidad Catolica,2024-10-18,0,2,0.0,0.0,0.38,0.62,12.0,19.0,4.0,6.0,19,13,2.0,1 - 1
CSD Macara,Delfin,2024-10-07,1,1,0.0,0.0,0.61,0.39,10.0,6.0,2.0,2.0,14,9,2.0,0 - 2
Emelec,Aucas,2024-10-06,2,4,0.0,0.0,0.63,0.37,12.0,15.0,3.0,0.0,4,12,6.0,0 - 0
LDU de Quito,Orense SC,2024-10-06,1,3,0.0,0.0,0.48,0.52,17.0,8.0,6.0,0.0,5,15,4.0,2 - 0
Universidad Catolica,Imbabura,2024-10-06,2,2,0.0,0.0,0.57,0.42,9.0,9.0,8.0,3.0,13,21,4.0,2 - 1
El Nacional,Barcelona SC,2024-10-05,4,1,1.0,0.0,0.39,0.61,17.0,14.0,2.0,5.0,2,0,6.0,3 - 0
Deportivo Cuenca,CD Tecnico Universitario,2024-10-05,2,2,0.0,0.0,0.55,0.45,8.0,21.0,4.0,6.0,10,8,4.0,1 - 1
Mushuc Runa SC,Independiente del Valle,2024-10-05,2,3,1.0,0.0,0.27,0.73,21.0,8.0,5.0,9.0,6,7,6.0,1 - 1
Libertad,Cumbayá,2024-10-04,4,0,0.0,0.0,0.49,0.51,22.0,15.0,3.0,4.0,20,19,4.0,2 - 1
CD Tecnico Universitario,Mushuc Runa SC,2024-09-30,6,5,0.0,0.0,0.49,0.51,18.0,30.0,4.0,6.0,8,6,11.0,2 - 2
Barcelona SC,Libertad,2024-09-29,1,0,0.0,0.0,0.69,0.31,12.0,16.0,2.0,1.0,0,20,1.0,0 - 0
Delfin,LDU de Quito,2024-09-29,0,4,0.0,0.0,0.53,0.47,11.0,18.0,11.0,4.0,9,5,4.0,3 - 2
Aucas,Deportivo Cuenca,2024-09-29,2,2,0.0,0.0,0.61,0.39,9.0,6.0,6.0,5.0,12,10,4.0,1 - 4
Cumbayá,Emelec,2024-09-28,4,1,0.0,0.0,0.39,0.61,11.0,13.0,5.0,5.0,19,4,5.0,1 - 0
Independiente del Valle,Universidad Catolica,2024-09-28,1,0,0.0,1.0,0.61,0.39,8.0,9.0,10.0,4.0,7,13,2.0,5 - 2
Imbabura,El Nacional,2024-09-28,1,2,0.0,0.0,0.61,0.39,13.0,10.0,4.0,2.0,21,2,3.0,1 - 0
Orense SC,CSD Macara,2024-09-27,4,4,0.0,2.0,0.64,0.36,13.0,20.0,4.0,3.0,15,14,10.0,1 - 0
CSD Macara,Imbabura,2024-09-22,2,3,0.0,1.0,0.44,0.56,7.0,11.0,2.0,4.0,14,21,6.0,2 - 0
Deportivo Cuenca,Barcelona SC,2024-09-21,2,5,0.0,0.0,0.39,0.61,11.0,13.0,2.0,3.0,10,0,7.0,1 - 0
LDU de Quito,El Nacional,2024-09-21,3,5,1.0,0.0,0.62,0.38,17.0,8.0,6.0,2.0,5,2,9.0,1 - 1
Cumbayá,Aucas,2024-09-21,0,2,0.0,0.0,0.48,0.52,11.0,15.0,1.0,8.0,19,12,2.0,0 - 3
Libertad,Independiente del Valle,2024-09-20,2,3,0.0,1.0,0.38,0.62,19.0,12.0,4.0,3.0,20,7,6.0,1 - 1
CD Tecnico Universitario,Libertad,2024-09-16,3,2,0.0,1.0,0.51,0.49,17.0,10.0,5.0,1.0,8,20,6.0,3 - 0
Barcelona SC,CSD Macara,2024-09-15,2,2,0.0,0.0,0.64,0.36,10.0,9.0,7.0,5.0,0,14,4.0,2 - 1
Aucas,Mushuc Runa SC,2024-09-15,2,3,0.0,0.0,0.61,0.39,17.0,16.0,4.0,8.0,12,6,5.0,1 - 2
El Nacional,Cumbayá,2024-09-15,2,2,0.0,1.0,0.52,0.48,22.0,12.0,4.0,1.0,2,19,5.0,2 - 1
Independiente del Valle,Emelec,2024-09-14,3,4,1.0,1.0,0.72,0.28,13.0,15.0,12.0,2.0,7,4,9.0,2 - 1
Imbabura,LDU de Quito,2024-09-14,3,1,1.0,0.0,0.38,0.62,10.0,9.0,9.0,3.0,21,5,5.0,4 - 0
Delfin,Deportivo Cuenca,2024-09-14,0,3,0.0,0.0,0.5,0.5,11.0,12.0,4.0,2.0,9,10,3.0,0 - 0
Orense SC,Universidad Catolica,2024-09-13,1,4,0.0,0.0,0.43,0.56,18.0,21.0,4.0,3.0,15,13,5.0,2 - 2
Cumbayá,Imbabura,2024-09-02,1,3,1.0,0.0,0.36,0.64,10.0,19.0,3.0,6.0,19,21,5.0,1 - 2
Emelec,Orense SC,2024-09-01,1,4,0.0,0.0,0.55,0.45,15.0,13.0,5.0,0.0,4,15,5.0,2 - 1
Aucas,Independiente del Valle,2024-09-01,2,0,0.0,0.0,0.43,0.56,9.0,9.0,3.0,7.0,12,7,2.0,0 - 2
CSD Macara,CD Tecnico Universitario,2024-09-01,2,2,0.0,0.0,0.43,0.56,14.0,10.0,5.0,6.0,14,8,4.0,0 - 0
LDU de Quito,Barcelona SC,2024-08-31,4,3,0.0,0.0,0.43,0.56,21.0,13.0,6.0,3.0,5,0,7.0,3 - 0
Libertad,Delfin,2024-08-31,0,2,0.0,1.0,0.62,0.38,10.0,7.0,10.0,5.0,20,9,3.0,2 - 0
Deportivo Cuenca,El Nacional,2024-08-31,2,4,0.0,0.0,0.61,0.39,12.0,23.0,8.0,7.0,10,2,6.0,1 - 2
Universidad Catolica,Mushuc Runa SC,2024-08-30,3,3,0.0,0.0,0.54,0.46,14.0,14.0,7.0,4.0,13,6,6.0,5 - 1
Barcelona SC,Universidad Catolica,2024-08-25,3,1,0.0,0.0,0.36,0.64,16.0,10.0,1.0,4.0,0,13,4.0,1 - 0
LDU de Quito,Libertad,2024-08-25,0,4,1.0,1.0,0.62,0.38,16.0,12.0,8.0,2.0,5,20,6.0,3 - 0
Independiente del Valle,CD Tecnico Universitario,2024-08-25,2,3,0.0,0.0,0.65,0.35,10.0,9.0,6.0,2.0,7,8,5.0,1 - 0
Delfin,Emelec,2024-08-24,3,2,0.0,1.0,0.56,0.44,20.0,8.0,2.0,3.0,9,4,6.0,0 - 1
El Nacional,Aucas,2024-08-24,2,3,0.0,0.0,0.41,0.59,6.0,12.0,2.0,2.0,2,12,5.0,0 - 0
Mushuc Runa SC,Cumbayá,2024-08-24,3,1,0.0,0.0,0.5,0.5,20.0,23.0,5.0,3.0,6,19,4.0,0 - 0
CSD Macara,Deportivo Cuenca,2024-08-23,1,5,0.0,0.0,0.34,0.66,16.0,12.0,3.0,3.0,14,10,6.0,3 - 1
CD Tecnico Universitario,Delfin,2024-08-19,1,1,0.0,0.0,0.66,0.34,10.0,10.0,6.0,2.0,8,9,2.0,0 - 1
Emelec,El Nacional,2024-08-18,3,4,0.0,0.0,0.77,0.23,10.0,20.0,4.0,0.0,4,2,7.0,0 - 1
Deportivo Cuenca,Universidad Catolica,2024-08-18,2,1,0.0,0.0,0.53,0.47,10.0,18.0,1.0,5.0,10,13,3.0,1 - 2
Imbabura,Mushuc Runa SC,2024-08-18,0,1,0.0,0.0,0.56,0.43,11.0,11.0,6.0,7.0,21,6,1.0,2 - 3
Orense SC,Barcelona SC,2024-08-17,2,3,0.0,1.0,0.41,0.59,17.0,14.0,6.0,4.0,15,0,6.0,3 - 2
Aucas,LDU de Quito,2024-08-17,3,2,0.0,0.0,0.57,0.42,6.0,13.0,3.0,4.0,12,5,5.0,0 - 1
Cumbayá,Independiente del Valle,2024-08-17,3,2,0.0,0.0,0.26,0.74,8.0,15.0,1.0,10.0,19,7,5.0,1 - 3
Libertad,CSD Macara,2024-08-16,2,2,0.0,0.0,0.53,0.47,11.0,18.0,4.0,3.0,20,14,4.0,0 - 1
CD Tecnico Universitario,Aucas,2024-08-12,1,6,0.0,1.0,0.34,0.66,17.0,9.0,6.0,5.0,8,12,8.0,2 - 0
Mushuc Runa SC,Emelec,2024-08-11,1,1,0.0,0.0,0.4,0.6,10.0,9.0,9.0,2.0,6,4,2.0,3 - 0
El Nacional,CSD Macara,2024-08-11,1,1,1.0,0.0,0.52,0.48,10.0,12.0,2.0,4.0,2,14,3.0,1 - 3
Barcelona SC,Independiente del Valle,2024-08-10,4,3,0.0,0.0,0.33,0.67,21.0,11.0,3.0,4.0,0,7,7.0,3 - 2
LDU de Quito,Cumbayá,2024-08-10,1,4,0.0,0.0,0.65,0.35,12.0,8.0,7.0,4.0,5,19,5.0,2 - 1
Universidad Catolica,Libertad,2024-08-10,2,0,0.0,0.0,0.73,0.27,8.0,10.0,5.0,3.0,13,20,2.0,1 - 2
Deportivo Cuenca,Orense SC,2024-08-09,1,4,0.0,0.0,0.6,0.4,10.0,11.0,3.0,7.0,10,15,5.0,1 - 2
Cumbayá,CD Tecnico Universitario,2024-08-05,3,2,0.0,0.0,0.47,0.53,8.0,16.0,1.0,4.0,19,8,5.0,1 - 2
Emelec,Deportivo Cuenca,2024-08-04,2,2,0.0,0.0,0.57,0.42,17.0,12.0,6.0,2.0,4,10,4.0,0 - 1
CSD Macara,LDU de Quito,2024-08-04,3,0,0.0,0.0,0.4,0.6,12.0,7.0,4.0,4.0,14,5,3.0,0 - 4
El Nacional,Universidad Catolica,2024-08-04,2,2,0.0,0.0,0.51,0.49,17.0,11.0,2.0,4.0,2,13,4.0,0 - 2
Independiente del Valle,Delfin,2024-08-03,2,2,1.0,0.0,0.74,0.26,12.0,11.0,9.0,3.0,7,9,5.0,1 - 2
Libertad,Mushuc Runa SC,2024-08-03,1,5,0.0,0.0,0.56,0.43,10.0,23.0,7.0,9.0,20,6,6.0,2 - 2
Orense SC,Aucas,2024-08-02,3,1,0.0,0.0,0.65,0.35,10.0,9.0,8.0,2.0,15,12,4.0,4 - 0
Mushuc Runa SC,Barcelona SC,2024-06-02,3,1,0.0,0.0,0.38,0.62,19.0,12.0,7.0,6.0,6,0,4.0,1 - 0
Independiente del Valle,Orense SC,2024-06-02,2,2,0.0,0.0,0.7,0.3,13.0,6.0,9.0,2.0,7,15,4.0,1 - 0
Deportivo Cuenca,LDU de Quito,2024-06-02,0,1,0.0,0.0,0.59,0.41,7.0,11.0,10.0,5.0,10,5,1.0,2 - 2
Universidad Catolica,CSD Macara,2024-06-02,3,3,0.0,1.0,0.54,0.46,11.0,10.0,5.0,2.0,13,14,7.0,3 - 0
Emelec,Libertad,2024-06-01,2,3,0.0,0.0,0.6,0.4,9.0,9.0,5.0,1.0,4,20,5.0,0 - 0
Cumbayá,Delfin,2024-06-01,1,5,0.0,0.0,0.66,0.34,10.0,15.0,2.0,2.0,19,9,6.0,1 - 0
Aucas,Imbabura,2024-06-01,1,3,0.0,1.0,0.48,0.52,15.0,17.0,5.0,4.0,12,21,5.0,2 - 2
CD Tecnico Universitario,El Nacional,2024-05-31,1,1,0.0,0.0,0.54,0.46,18.0,8.0,3.0,3.0,8,2,2.0,1 - 2
Libertad,Deportivo Cuenca,2024-05-27,4,0,0.0,0.0,0.51,0.49,16.0,15.0,1.0,2.0,20,10,4.0,0 - 0
Orense SC,Cumbayá,2024-05-26,1,1,0.0,0.0,0.6,0.4,15.0,7.0,4.0,2.0,15,19,2.0,1 - 0
El Nacional,Mushuc Runa SC,2024-05-26,0,3,0.0,0.0,0.53,0.47,10.0,7.0,12.0,6.0,2,6,3.0,1 - 0
CSD Macara,Independiente del Valle,2024-05-26,3,2,0.0,0.0,0.27,0.73,8.0,6.0,1.0,10.0,14,7,5.0,0 - 1
LDU de Quito,Universidad Catolica,2024-05-26,6,5,0.0,0.0,0.49,0.51,18.0,16.0,5.0,4.0,5,13,11.0,2 - 1
Delfin,Aucas,2024-05-26,3,2,0.0,1.0,0.34,0.66,18.0,9.0,6.0,3.0,9,12,6.0,2 - 0
Barcelona SC,CD Tecnico Universitario,2024-05-26,1,3,0.0,0.0,0.62,0.38,12.0,13.0,4.0,1.0,0,8,4.0,3 - 0
Imbabura,Emelec,2024-05-24,2,4,0.0,0.0,0.57,0.42,9.0,15.0,7.0,4.0,21,4,6.0,1 - 2
Barcelona SC,LDU de Quito,2024-05-23,0,4,0.0,1.0,0.53,0.47,15.0,16.0,3.0,2.0,0,5,5.0,2 - 0
Mushuc Runa SC,Universidad Catolica,2024-05-22,2,1,0.0,0.0,0.32,0.68,16.0,9.0,6.0,4.0,6,13,3.0,2 - 1
CD Tecnico Universitario,Orense SC,2024-05-20,1,2,0.0,0.0,0.48,0.52,15.0,11.0,5.0,1.0,8,15,3.0,1 - 0
Cumbayá,Barcelona SC,2024-05-19,0,0,0.0,0.0,0.5,0.5,9.0,11.0,4.0,5.0,19,0,0.0,0 - 1
Aucas,Universidad Catolica,2024-05-19,5,6,0.0,0.0,0.5,0.5,6.0,14.0,6.0,5.0,12,13,11.0,2 - 2
Mushuc Runa SC,Delfin,2024-05-19,2,2,0.0,2.0,0.6,0.4,15.0,9.0,10.0,1.0,6,9,6.0,5 - 0
Independiente del Valle,LDU de Quito,2024-05-18,3,3,0.0,0.0,0.62,0.38,18.0,16.0,6.0,4.0,7,5,6.0,1 - 1
Emelec,CSD Macara,2024-05-18,1,0,0.0,0.0,0.73,0.27,20.0,22.0,3.0,8.0,4,14,1.0,0 - 1
Libertad,El Nacional,2024-05-18,2,1,0.0,0.0,0.57,0.42,9.0,17.0,0.0,5.0,20,2,3.0,0 - 2
Deportivo Cuenca,Imbabura,2024-05-17,4,0,0.0,1.0,0.57,0.42,20.0,9.0,8.0,3.0,10,21,5.0,5 - 2
Universidad Catolica,CD Tecnico Universitario,2024-05-13,2,2,0.0,0.0,0.65,0.35,6.0,10.0,5.0,2.0,13,8,4.0,3 - 2
Barcelona SC,Aucas,2024-05-12,4,2,1.0,0.0,0.64,0.36,16.0,10.0,4.0,1.0,0,12,7.0,1 - 1
Delfin,Orense SC,2024-05-12,4,2,0.0,0.0,0.44,0.56,20.0,13.0,3.0,2.0,9,15,6.0,0 - 1
El Nacional,Independiente del Valle,2024-05-12,2,2,0.0,0.0,0.3,0.7,12.0,7.0,5.0,4.0,2,7,4.0,1 - 2
LDU de Quito,Emelec,2024-05-11,2,5,0.0,1.0,0.56,0.43,7.0,11.0,12.0,5.0,5,4,8.0,2 - 2
CSD Macara,Mushuc Runa SC,2024-05-11,2,3,0.0,1.0,0.52,0.48,10.0,14.0,2.0,7.0,14,6,6.0,0 - 0
Deportivo Cuenca,Cumbayá,2024-05-10,2,1,0.0,0.0,0.53,0.47,12.0,10.0,4.0,2.0,10,19,3.0,2 - 1
CD Tecnico Universitario,Imbabura,2024-05-06,3,2,0.0,0.0,0.48,0.52,15.0,16.0,4.0,6.0,8,21,5.0,1 - 1
Emelec,Universidad Catolica,2024-05-05,4,3,0.0,0.0,0.37,0.63,14.0,6.0,2.0,4.0,4,13,7.0,2 - 1
Independiente del Valle,Deportivo Cuenca,2024-05-05,1,2,0.0,0.0,0.62,0.38,12.0,10.0,9.0,2.0,7,10,3.0,1 - 0
Aucas,Libertad,2024-05-05,0,1,0.0,0.0,0.56,0.44,10.0,13.0,4.0,3.0,12,20,1.0,2 - 0
Delfin,Barcelona SC,2024-05-04,2,2,1.0,1.0,0.34,0.66,14.0,18.0,6.0,4.0,9,0,6.0,1 - 3
Mushuc Runa SC,LDU de Quito,2024-05-04,3,4,0.0,1.0,0.53,0.47,15.0,19.0,2.0,3.0,6,5,8.0,0 - 1
Cumbayá,CSD Macara,2024-05-04,3,5,0.0,1.0,0.52,0.48,15.0,17.0,4.0,5.0,19,14,9.0,1 - 0
Orense SC,El Nacional,2024-05-03,4,3,0.0,0.0,0.6,0.4,9.0,10.0,3.0,8.0,15,2,7.0,0 - 1
Universidad Catolica,Barcelona SC,2024-05-01,1,2,1.0,0.0,0.44,0.56,10.0,13.0,4.0,5.0,13,0,4.0,0 - 1
Libertad,LDU de Quito,2024-04-30,1,2,0.0,0.0,0.57,0.43,11.0,14.0,7.0,3.0,20,5,3.0,2 - 3
El Nacional,Delfin,2024-04-29,2,3,0.0,0.0,0.65,0.35,22.0,11.0,4.0,2.0,2,9,5.0,1 - 0
CSD Macara,Aucas,2024-04-28,6,3,1.0,0.0,0.45,0.55,16.0,12.0,3.0,4.0,14,12,10.0,0 - 2
Imbabura,Independiente del Valle,2024-04-28,3,1,0.0,0.0,0.5,0.5,11.0,14.0,4.0,1.0,21,7,4.0,0 - 1
LDU de Quito,CD Tecnico Universitario,2024-04-27,4,1,1.0,1.0,0.6,0.4,12.0,6.0,5.0,1.0,5,8,7.0,1 - 0
Libertad,Orense SC,2024-04-27,2,2,0.0,0.0,0.62,0.38,16.0,9.0,2.0,6.0,20,15,4.0,1 - 1
Universidad Catolica,Cumbayá,2024-04-27,1,0,0.0,0.0,0.56,0.43,13.0,14.0,6.0,3.0,13,19,1.0,2 - 1
Orense SC,LDU de Quito,2024-04-19,4,4,0.0,0.0,0.34,0.66,11.0,9.0,6.0,2.0,15,5,8.0,1 - 0
Delfin,CSD Macara,2024-04-19,1,4,1.0,0.0,0.38,0.62,14.0,18.0,2.0,5.0,9,14,6.0,1 - 1
Barcelona SC,El Nacional,2024-04-18,4,4,0.0,0.0,0.69,0.31,14.0,23.0,2.0,1.0,0,2,8.0,1 - 0
Independiente del Valle,Mushuc Runa SC,2024-04-18,2,1,0.0,0.0,0.56,0.43,12.0,8.0,6.0,5.0,7,6,3.0,2 - 1
Imbabura,Universidad Catolica,2024-04-18,2,5,0.0,0.0,0.36,0.64,11.0,7.0,4.0,5.0,21,13,7.0,2 - 2
CD Tecnico Universitario,Deportivo Cuenca,2024-04-17,1,2,0.0,0.0,0.6,0.4,9.0,12.0,4.0,4.0,8,10,3.0,2 - 1
Cumbayá,Libertad,2024-04-17,1,3,0.0,0.0,0.5,0.5,16.0,14.0,2.0,4.0,19,20,4.0,0 - 0
LDU de Quito,Delfin,2024-04-15,0,3,1.0,0.0,0.65,0.35,12.0,12.0,4.0,2.0,5,9,4.0,2 - 1
Libertad,Barcelona SC,2024-04-14,2,1,0.0,0.0,0.53,0.47,22.0,21.0,3.0,6.0,20,0,3.0,0 - 3
El Nacional,Imbabura,2024-04-14,2,2,0.0,0.0,0.5,0.5,18.0,7.0,6.0,4.0,2,21,4.0,2 - 0
Universidad Catolica,Independiente del Valle,2024-04-14,1,5,0.0,0.0,0.55,0.45,13.0,9.0,3.0,8.0,13,7,6.0,2 - 2
Emelec,Cumbayá,2024-04-13,3,3,0.0,0.0,0.56,0.43,13.0,12.0,5.0,4.0,4,19,6.0,2 - 0
CSD Macara,Orense SC,2024-04-13,3,4,0.0,0.0,0.56,0.44,19.0,19.0,3.0,1.0,14,15,7.0,0 - 0
Mushuc Runa SC,CD Tecnico Universitario,2024-04-13,2,2,0.0,0.0,0.42,0.57,10.0,13.0,4.0,4.0,6,8,4.0,1 - 2
Deportivo Cuenca,Aucas,2024-04-12,2,2,0.0,0.0,0.41,0.59,12.0,11.0,5.0,4.0,10,12,4.0,3 - 3
Imbabura,CSD Macara,2024-04-08,5,3,0.0,0.0,0.62,0.38,17.0,15.0,3.0,3.0,21,14,8.0,0 - 1
CD Tecnico Universitario,Emelec,2024-04-07,4,2,1.0,0.0,0.43,0.56,15.0,9.0,5.0,3.0,8,4,7.0,1 - 1
Delfin,Universidad Catolica,2024-04-07,1,2,0.0,0.0,0.32,0.68,11.0,4.0,2.0,6.0,9,13,3.0,0 - 2
Independiente del Valle,Libertad,2024-04-07,3,2,0.0,0.0,0.62,0.38,13.0,13.0,7.0,2.0,7,20,5.0,3 - 0
Barcelona SC,Deportivo Cuenca,2024-04-06,1,3,0.0,0.0,0.55,0.45,15.0,10.0,9.0,2.0,0,10,4.0,4 - 0
El Nacional,LDU de Quito,2024-04-06,2,4,1.0,0.0,0.4,0.6,9.0,21.0,3.0,2.0,2,5,7.0,1 - 2
Aucas,Cumbayá,2024-04-06,1,3,0.0,0.0,0.52,0.48,13.0,15.0,6.0,2.0,12,19,4.0,3 - 0
Orense SC,Mushuc Runa SC,2024-04-05,2,3,0.0,0.0,0.6,0.4,11.0,8.0,10.0,2.0,15,6,5.0,2 - 2
Emelec,Independiente del Valle,2024-03-31,3,2,0.0,0.0,0.38,0.62,15.0,17.0,2.0,4.0,4,7,5.0,0 - 0
Deportivo Cuenca,Delfin,2024-03-31,0,4,1.0,1.0,0.68,0.32,10.0,16.0,3.0,3.0,10,9,6.0,0 - 0
Universidad Catolica,Orense SC,2024-03-31,2,1,0.0,1.0,0.55,0.45,8.0,9.0,10.0,1.0,13,15,4.0,5 - 1
Cumbayá,El Nacional,2024-03-30,4,3,0.0,0.0,0.51,0.49,10.0,18.0,1.0,4.0,19,2,7.0,1 - 0
Libertad,CD Tecnico Universitario,2024-03-30,2,0,1.0,0.0,0.5,0.5,11.0,15.0,4.0,2.0,20,8,3.0,1 - 0
Mushuc Runa SC,Aucas,2024-03-30,4,3,0.0,0.0,0.48,0.52,14.0,11.0,5.0,3.0,6,12,7.0,0 - 2
CSD Macara,Barcelona SC,2024-03-29,2,7,0.0,0.0,0.34,0.66,20.0,18.0,4.0,2.0,14,0,9.0,1 - 1
LDU de Quito,Imbabura,2024-03-28,2,2,0.0,0.0,0.55,0.45,11.0,11.0,7.0,4.0,5,21,4.0,5 - 0
Delfin,Libertad,2024-03-25,2,7,0.0,0.0,0.6,0.4,13.0,16.0,6.0,4.0,9,20,9.0,1 - 1
Independiente del Valle,Aucas,2024-03-24,3,2,0.0,0.0,0.63,0.37,13.0,14.0,6.0,5.0,7,12,5.0,1 - 1
CD Tecnico Universitario,CSD Macara,2024-03-24,3,5,0.0,0.0,0.48,0.52,13.0,12.0,3.0,4.0,8,14,8.0,1 - 1
El Nacional,Deportivo Cuenca,2024-03-23,2,3,0.0,1.0,0.59,0.41,5.0,10.0,0.0,2.0,2,10,6.0,0 - 1
CD Tecnico Universitario,Independiente del Valle,2024-03-21,3,3,0.0,0.0,0.26,0.74,13.0,16.0,3.0,5.0,8,7,6.0,1 - 1
Aucas,El Nacional,2024-03-20,3,7,0.0,1.0,0.55,0.45,7.0,19.0,7.0,7.0,12,2,11.0,3 - 4
Deportivo Cuenca,CSD Macara,2024-03-20,4,2,0.0,0.0,0.53,0.47,16.0,16.0,2.0,7.0,10,14,6.0,1 - 1
Orense SC,Imbabura,2024-03-19,1,4,0.0,0.0,0.59,0.41,18.0,12.0,6.0,5.0,15,21,5.0,1 - 2
Cumbayá,Mushuc Runa SC,2024-03-19,2,1,0.0,0.0,0.5,0.5,14.0,15.0,5.0,3.0,19,6,3.0,2 - 1
El Nacional,Emelec,2024-03-17,2,5,0.0,0.0,0.43,0.56,14.0,9.0,6.0,2.0,2,4,7.0,0 - 1
Delfin,CD Tecnico Universitario,2024-03-17,4,6,0.0,2.0,0.44,0.56,17.0,16.0,5.0,2.0,9,8,12.0,2 - 0
Universidad Catolica,Deportivo Cuenca,2024-03-17,4,2,0.0,0.0,0.6,0.4,18.0,8.0,10.0,5.0,13,10,6.0,3 - 3
Barcelona SC,Orense SC,2024-03-16,1,3,2.0,0.0,0.43,0.56,10.0,14.0,2.0,3.0,0,15,6.0,0 - 0
LDU de Quito,Aucas,2024-03-16,3,5,0.0,0.0,0.56,0.43,13.0,8.0,5.0,4.0,5,12,8.0,1 - 2
Mushuc Runa SC,Imbabura,2024-03-16,2,2,0.0,0.0,0.36,0.64,12.0,11.0,6.0,5.0,6,21,4.0,3 - 0
Independiente del Valle,Cumbayá,2024-03-15,0,2,0.0,0.0,0.6,0.4,10.0,12.0,9.0,1.0,7,19,2.0,3 - 0
CSD Macara,Libertad,2024-03-15,3,2,0.0,0.0,0.46,0.54,16.0,11.0,5.0,2.0,14,20,5.0,3 - 0
Libertad,Universidad Catolica,2024-03-11,3,3,0.0,0.0,0.4,0.6,14.0,16.0,4.0,9.0,20,13,6.0,0 - 1
Cumbayá,LDU de Quito,2024-03-10,4,3,0.0,0.0,0.4,0.6,11.0,14.0,3.0,6.0,19,5,7.0,1 - 3
Orense SC,Deportivo Cuenca,2024-03-10,1,3,0.0,0.0,0.56,0.44,17.0,22.0,3.0,5.0,15,10,4.0,1 - 1
Independiente del Valle,Barcelona SC,2024-03-09,5,3,0.0,1.0,0.43,0.56,19.0,11.0,3.0,7.0,7,0,9.0,3 - 1
Imbabura,Delfin,2024-03-09,3,6,0.0,0.0,0.67,0.33,8.0,14.0,8.0,4.0,21,9,9.0,3 - 0
CSD Macara,El Nacional,2024-03-09,2,6,0.0,1.0,0.68,0.32,14.0,17.0,8.0,3.0,14,2,9.0,1 - 0
Emelec,Mushuc Runa SC,2024-03-08,5,2,0.0,0.0,0.64,0.36,13.0,12.0,10.0,2.0,4,6,7.0,0 - 0
LDU de Quito,CSD Macara,2024-03-04,2,2,0.0,0.0,0.61,0.39,16.0,11.0,4.0,6.0,5,14,4.0,2 - 1
CD Tecnico Universitario,Cumbayá,2024-03-03,1,4,0.0,1.0,0.54,0.46,19.0,14.0,9.0,4.0,8,19,6.0,1 - 0
Universidad Catolica,El Nacional,2024-03-03,3,1,0.0,0.0,0.76,0.24,16.0,6.0,8.0,1.0,13,2,4.0,3 - 0
Deportivo Cuenca,Emelec,2024-03-02,1,2,1.0,1.0,0.54,0.46,10.0,5.0,1.0,3.0,10,4,5.0,1 - 2
Delfin,Independiente del Valle,2024-03-01,3,4,0.0,0.0,0.38,0.62,9.0,15.0,2.0,3.0,9,7,7.0,0 - 1
Manta FC,Independiente del Valle,2025-08-09,2,3,0.0,0.0,0.44,0.56,14.0,9.0,3.0,5.0,17,7,5.0,0 - 0
Aucas,LDU de Quito,2025-08-09,2,5,0.0,1.0,0.28,0.71,8.0,10.0,5.0,5.0,12,5,8.0,1 - 0
Mushuc Runa SC,Libertad,2025-08-09,2,1,0.0,0.0,0.66,0.34,10.0,12.0,7.0,2.0,6,20,3.0,1 - 2
Orense SC,Universidad Catolica,2025-08-08,2,5,1.0,0.0,0.37,0.63,12.0,16.0,2.0,4.0,15,13,8.0,1 - 1
Delfin,Vinotinto,2025-08-04,2,3,1.0,1.0,0.52,0.48,14.0,12.0,8.0,8.0,9,22,7.0,3 - 3
Libertad,Emelec,2025-08-03,2,2,0.0,0.0,0.63,0.37,8.0,11.0,6.0,3.0,20,4,4.0,1 - 2
CD Tecnico Universitario,Manta FC,2025-08-03,2,3,0.0,0.0,0.44,0.56,19.0,5.0,9.0,3.0,8,17,5.0,3 - 1
Universidad Catolica,Aucas,2025-08-03,2,4,0.0,1.0,0.52,0.48,6.0,9.0,8.0,6.0,13,12,7.0,6 - 2
LDU de Quito,Mushuc Runa SC,2025-08-03,2,1,0.0,1.0,0.66,0.34,11.0,8.0,7.0,2.0,5,6,4.0,2 - 1
Barcelona SC,Orense SC,2025-08-02,1,1,0.0,0.0,0.47,0.53,11.0,12.0,6.0,3.0,0,15,2.0,2 - 0
Deportivo Cuenca,CSD Macara,2025-08-01,0,4,0.0,0.0,0.69,0.31,9.0,20.0,6.0,2.0,10,14,4.0,1 - 1
Deportivo Cuenca,Independiente del Valle,2025-07-27,0,0,1.0,0.0,0.38,0.62,7.0,6.0,0.0,12.0,10,7,1.0,0 - 3
CSD Macara,Universidad Catolica,2025-07-27,2,1,0.0,0.0,0.49,0.51,13.0,15.0,6.0,10.0,14,13,3.0,1 - 4
Mushuc Runa SC,CD Tecnico Universitario,2025-07-27,2,3,0.0,0.0,0.7,0.3,11.0,16.0,3.0,4.0,6,8,5.0,0 - 1
Vinotinto,Orense SC,2025-07-26,2,1,0.0,0.0,0.67,0.33,9.0,11.0,8.0,1.0,22,15,3.0,0 - 1
Manta FC,Emelec,2025-07-26,5,2,0.0,0.0,0.65,0.35,11.0,21.0,6.0,6.0,17,4,7.0,2 - 4
Aucas,Delfin,2025-07-26,2,2,0.0,0.0,0.43,0.56,15.0,4.0,6.0,3.0,12,9,4.0,2 - 1
El Nacional,Libertad,2025-07-25,0,0,0.0,0.0,0.55,0.45,9.0,9.0,7.0,3.0,2,20,0.0,2 - 2
Barcelona SC,LDU de Quito,2025-07-24,1,4,0.0,0.0,0.52,0.48,11.0,24.0,5.0,5.0,0,5,5.0,0 - 1
Libertad,Manta FC,2025-07-21,3,1,0.0,0.0,0.54,0.46,12.0,7.0,3.0,1.0,20,17,4.0,1 - 0
LDU de Quito,Deportivo Cuenca,2025-07-20,2,1,1.0,0.0,0.37,0.63,16.0,10.0,2.0,3.0,5,10,4.0,2 - 2
Emelec,Mushuc Runa SC,2025-07-20,1,4,0.0,0.0,0.56,0.43,20.0,11.0,2.0,2.0,4,6,5.0,1 - 0
CD Tecnico Universitario,CSD Macara,2025-07-20,2,4,0.0,0.0,0.34,0.66,22.0,11.0,5.0,3.0,8,14,6.0,1 - 0
Delfin,Barcelona SC,2025-07-19,4,2,0.0,0.0,0.55,0.45,15.0,17.0,3.0,4.0,9,0,6.0,0 - 1
Orense SC,El Nacional,2025-07-19,3,1,0.0,0.0,0.61,0.39,17.0,19.0,3.0,3.0,15,2,4.0,1 - 1
Universidad Catolica,Vinotinto,2025-07-19,1,0,0.0,0.0,0.63,0.37,13.0,4.0,9.0,0.0,13,22,1.0,3 - 0
Independiente del Valle,Aucas,2025-07-18,2,2,1.0,0.0,0.49,0.51,15.0,9.0,5.0,4.0,7,12,5.0,2 - 1
Aucas,El Nacional,2025-07-14,4,3,1.0,0.0,0.57,0.42,13.0,9.0,7.0,4.0,12,2,8.0,1 - 0
Deportivo Cuenca,Delfin,2025-07-13,1,2,0.0,1.0,0.66,0.34,10.0,11.0,2.0,2.0,10,9,4.0,1 - 1
Orense SC,Libertad,2025-07-13,0,1,0.0,0.0,0.66,0.34,11.0,7.0,9.0,5.0,15,20,1.0,0 - 1
Vinotinto,Mushuc Runa SC,2025-07-13,1,1,0.0,0.0,0.65,0.35,12.0,10.0,5.0,3.0,22,6,2.0,1 - 1
Barcelona SC,CD Tecnico Universitario,2025-07-12,1,2,0.0,1.0,0.71,0.28,13.0,15.0,4.0,2.0,0,8,4.0,1 - 1
LDU de Quito,Emelec,2025-07-12,2,2,0.0,1.0,0.28,0.71,17.0,9.0,3.0,0.0,5,4,5.0,2 - 0
Manta FC,Universidad Catolica,2025-07-12,2,0,0.0,0.0,0.49,0.51,16.0,8.0,4.0,7.0,17,13,2.0,4 - 2
CSD Macara,Independiente del Valle,2025-07-11,5,2,0.0,0.0,0.33,0.67,20.0,9.0,1.0,4.0,14,7,7.0,1 - 2
CD Tecnico Universitario,Orense SC,2025-07-07,2,1,0.0,0.0,0.52,0.48,13.0,21.0,6.0,2.0,8,15,3.0,1 - 2
Delfin,LDU de Quito,2025-07-06,2,1,1.0,0.0,0.51,0.49,13.0,17.0,5.0,5.0,9,5,4.0,0 - 4
El Nacional,Manta FC,2025-07-06,1,3,0.0,1.0,0.54,0.46,6.0,10.0,4.0,0.0,2,17,5.0,1 - 0
Aucas,CSD Macara,2025-07-06,1,2,0.0,0.0,0.62,0.38,13.0,15.0,4.0,5.0,12,14,3.0,1 - 4
Independiente del Valle,Barcelona SC,2025-07-05,2,2,1.0,0.0,0.52,0.48,11.0,6.0,2.0,3.0,7,0,5.0,1 - 1
Emelec,Vinotinto,2025-07-05,2,0,0.0,0.0,0.57,0.42,17.0,7.0,7.0,0.0,4,22,2.0,2 - 0
Mushuc Runa SC,Universidad Catolica,2025-07-05,2,2,1.0,0.0,0.23,0.77,7.0,8.0,3.0,6.0,6,13,5.0,1 - 1
Libertad,Deportivo Cuenca,2025-07-04,4,2,0.0,0.0,0.55,0.45,15.0,8.0,7.0,4.0,20,10,6.0,2 - 1
Vinotinto,Aucas,2025-06-30,0,3,0.0,0.0,0.53,0.47,6.0,15.0,1.0,3.0,22,12,3.0,0 - 1
CSD Macara,Emelec,2025-06-29,0,3,0.0,0.0,0.56,0.44,13.0,10.0,9.0,6.0,14,4,3.0,1 - 1
Universidad Catolica,Independiente del Valle,2025-06-29,2,1,0.0,0.0,0.61,0.39,9.0,7.0,4.0,6.0,13,7,3.0,0 - 3
CD Tecnico Universitario,El Nacional,2025-06-29,2,4,0.0,1.0,0.54,0.46,12.0,16.0,3.0,4.0,8,2,7.0,0 - 0
Orense SC,LDU de Quito,2025-06-28,5,3,0.0,0.0,0.36,0.64,13.0,19.0,4.0,1.0,15,5,8.0,2 - 1
Barcelona SC,Libertad,2025-06-28,1,1,0.0,0.0,0.62,0.38,20.0,12.0,8.0,9.0,0,20,2.0,3 - 3
Delfin,Manta FC,2025-06-28,4,3,1.0,0.0,0.36,0.64,23.0,13.0,9.0,0.0,9,17,8.0,2 - 0
Deportivo Cuenca,Mushuc Runa SC,2025-06-27,2,3,0.0,0.0,0.61,0.39,13.0,12.0,3.0,0.0,10,6,5.0,1 - 0
Universidad Catolica,Emelec,2025-06-25,2,0,2.0,0.0,0.55,0.45,10.0,13.0,4.0,3.0,13,4,4.0,1 - 1
Manta FC,Orense SC,2025-06-23,1,2,0.0,0.0,0.44,0.56,16.0,15.0,3.0,3.0,17,15,3.0,0 - 0
Mushuc Runa SC,Barcelona SC,2025-06-22,4,1,1.0,0.0,0.42,0.57,12.0,14.0,6.0,7.0,6,0,6.0,0 - 5
Aucas,Deportivo Cuenca,2025-06-22,3,1,1.0,0.0,0.63,0.37,15.0,3.0,3.0,9.0,12,10,5.0,1 - 3
LDU de Quito,Independiente del Valle,2025-06-22,3,5,0.0,0.0,0.66,0.34,17.0,11.0,5.0,3.0,5,7,8.0,1 - 1
CSD Macara,Vinotinto,2025-06-21,2,2,0.0,0.0,0.38,0.62,10.0,7.0,4.0,4.0,14,22,4.0,1 - 0
Emelec,Delfin,2025-06-21,0,5,0.0,0.0,0.69,0.31,14.0,21.0,4.0,3.0,4,9,5.0,2 - 2
El Nacional,Universidad Catolica,2025-06-21,2,3,1.0,0.0,0.27,0.73,10.0,14.0,5.0,11.0,2,13,6.0,0 - 3
Libertad,CD Tecnico Universitario,2025-06-20,3,3,0.0,1.0,0.59,0.41,15.0,20.0,9.0,3.0,20,8,7.0,4 - 1
Orense SC,CSD Macara,2025-06-16,1,3,0.0,1.0,0.7,0.3,16.0,21.0,1.0,2.0,15,14,5.0,1 - 0
Delfin,Mushuc Runa SC,2025-06-15,3,3,0.0,1.0,0.56,0.43,18.0,12.0,6.0,1.0,9,6,7.0,3 - 1
Deportivo Cuenca,El Nacional,2025-06-15,2,2,0.0,0.0,0.45,0.55,9.0,13.0,8.0,4.0,10,2,4.0,4 - 1
CD Tecnico Universitario,Aucas,2025-06-15,1,2,0.0,0.0,0.41,0.59,13.0,20.0,6.0,5.0,8,12,3.0,1 - 1
Vinotinto,LDU de Quito,2025-06-14,1,1,0.0,0.0,0.5,0.5,8.0,6.0,1.0,2.0,22,5,2.0,1 - 2
Barcelona SC,Manta FC,2025-06-14,2,2,0.0,0.0,0.72,0.28,14.0,8.0,3.0,3.0,0,17,4.0,1 - 2
Independiente del Valle,Libertad,2025-06-14,2,5,0.0,0.0,0.59,0.41,5.0,14.0,6.0,1.0,7,20,7.0,1 - 1
Vinotinto,Libertad,2025-06-02,2,0,0.0,0.0,0.46,0.54,10.0,9.0,1.0,3.0,22,20,2.0,1 - 0
Aucas,Barcelona SC,2025-06-01,2,3,0.0,0.0,0.5,0.5,12.0,4.0,8.0,3.0,12,0,5.0,2 - 0
Deportivo Cuenca,Universidad Catolica,2025-06-01,2,3,0.0,0.0,0.4,0.6,12.0,11.0,6.0,2.0,10,13,5.0,3 - 1
Mushuc Runa SC,El Nacional,2025-06-01,3,5,1.0,0.0,0.48,0.52,15.0,7.0,6.0,6.0,6,2,9.0,2 - 3
Emelec,Orense SC,2025-05-31,2,3,0.0,0.0,0.48,0.52,13.0,18.0,6.0,2.0,4,15,5.0,1 - 0
Delfin,Independiente del Valle,2025-05-31,4,1,0.0,0.0,0.5,0.5,11.0,10.0,3.0,1.0,9,7,5.0,1 - 1
LDU de Quito,CD Tecnico Universitario,2025-05-31,3,4,0.0,1.0,0.77,0.23,11.0,11.0,7.0,4.0,5,8,8.0,3 - 2
CSD Macara,Manta FC,2025-05-30,3,4,0.0,0.0,0.48,0.52,15.0,14.0,3.0,5.0,14,17,7.0,2 - 2
El Nacional,Emelec,2025-05-25,2,3,0.0,2.0,0.68,0.32,15.0,7.0,5.0,1.0,2,4,7.0,2 - 0
CD Tecnico Universitario,Delfin,2025-05-25,2,1,1.0,0.0,0.43,0.56,12.0,14.0,2.0,4.0,8,9,4.0,1 - 2
Libertad,CSD Macara,2025-05-25,3,2,0.0,0.0,0.62,0.38,16.0,19.0,2.0,4.0,20,14,5.0,0 - 1
Orense SC,Aucas,2025-05-24,2,1,0.0,0.0,0.47,0.53,11.0,14.0,7.0,5.0,15,12,3.0,2 - 1
Universidad Catolica,LDU de Quito,2025-05-24,2,1,0.0,0.0,0.49,0.51,12.0,15.0,4.0,6.0,13,5,3.0,3 - 1
Manta FC,Vinotinto,2025-05-24,2,0,0.0,0.0,0.69,0.31,13.0,13.0,5.0,6.0,17,22,2.0,2 - 2
Barcelona SC,Deportivo Cuenca,2025-05-23,1,1,0.0,0.0,0.57,0.42,8.0,9.0,3.0,6.0,0,10,2.0,0 - 0
Independiente del Valle,Mushuc Runa SC,2025-05-23,1,3,0.0,1.0,0.67,0.33,10.0,12.0,6.0,3.0,7,6,5.0,2 - 1
LDU de Quito,Libertad,2025-05-19,1,3,0.0,0.0,0.57,0.42,10.0,10.0,5.0,1.0,5,20,4.0,1 - 1
Barcelona SC,Emelec,2025-05-18,3,3,0.0,1.0,0.53,0.47,20.0,12.0,3.0,3.0,0,4,7.0,2 - 0
Delfin,Universidad Catolica,2025-05-18,0,4,0.0,1.0,0.38,0.62,11.0,10.0,4.0,2.0,9,13,5.0,1 - 0
Vinotinto,Independiente del Valle,2025-05-18,1,2,0.0,0.0,0.36,0.64,7.0,8.0,7.0,4.0,22,7,3.0,1 - 3
CSD Macara,El Nacional,2025-05-17,1,4,0.0,0.0,0.52,0.48,12.0,13.0,2.0,2.0,14,2,5.0,1 - 1
Aucas,Manta FC,2025-05-17,2,4,0.0,0.0,0.7,0.3,9.0,10.0,9.0,3.0,12,17,6.0,1 - 1
Deportivo Cuenca,CD Tecnico Universitario,2025-05-16,0,3,0.0,1.0,0.53,0.47,19.0,13.0,5.0,0.0,10,8,4.0,2 - 0
El Nacional,Vinotinto,2025-05-12,1,1,1.0,0.0,0.48,0.52,15.0,9.0,3.0,5.0,2,22,3.0,2 - 1
Emelec,Aucas,2025-05-11,1,1,0.0,0.0,0.57,0.42,6.0,12.0,5.0,6.0,4,12,2.0,0 - 1
Universidad Catolica,Barcelona SC,2025-05-11,3,3,0.0,0.0,0.56,0.44,17.0,14.0,5.0,7.0,13,0,6.0,2 - 2
CD Tecnico Universitario,Independiente del Valle,2025-05-11,4,2,0.0,0.0,0.38,0.62,13.0,8.0,9.0,9.0,8,7,6.0,1 - 2
Libertad,Delfin,2025-05-10,0,3,1.0,1.0,0.62,0.38,15.0,14.0,2.0,1.0,20,9,5.0,0 - 1
CSD Macara,LDU de Quito,2025-05-10,2,2,0.0,0.0,0.49,0.51,7.0,18.0,3.0,2.0,14,5,4.0,0 - 1
Manta FC,Mushuc Runa SC,2025-05-10,3,0,0.0,0.0,0.55,0.45,18.0,11.0,5.0,6.0,17,6,3.0,2 - 1
Orense SC,Deportivo Cuenca,2025-05-09,2,2,0.0,0.0,0.57,0.42,12.0,8.0,5.0,0.0,15,10,4.0,1 - 0
Aucas,Libertad,2025-05-05,0,2,0.0,1.0,0.49,0.51,9.0,9.0,5.0,4.0,12,20,3.0,2 - 0
Barcelona SC,Vinotinto,2025-05-04,2,4,0.0,0.0,0.57,0.42,10.0,7.0,7.0,3.0,0,22,6.0,2 - 1
Mushuc Runa SC,CSD Macara,2025-05-03,0,2,0.0,0.0,0.54,0.46,5.0,14.0,12.0,7.0,6,14,2.0,4 - 3
CD Tecnico Universitario,Universidad Catolica,2025-05-03,4,0,0.0,0.0,0.32,0.68,10.0,13.0,4.0,1.0,8,13,4.0,1 - 1
LDU de Quito,El Nacional,2025-05-03,2,2,0.0,0.0,0.66,0.34,13.0,13.0,3.0,5.0,5,2,4.0,2 - 2
Deportivo Cuenca,Manta FC,2025-05-02,2,7,0.0,1.0,0.56,0.44,11.0,14.0,7.0,2.0,10,17,10.0,2 - 0
Libertad,Universidad Catolica,2025-04-28,1,1,0.0,0.0,0.49,0.51,6.0,6.0,5.0,7.0,20,13,2.0,3 - 1
Emelec,CD Tecnico Universitario,2025-04-27,1,6,0.0,0.0,0.65,0.35,14.0,20.0,2.0,2.0,4,8,7.0,0 - 1
Orense SC,Independiente del Valle,2025-04-27,2,1,0.0,0.0,0.48,0.52,11.0,10.0,4.0,3.0,15,7,3.0,1 - 2
Aucas,Mushuc Runa SC,2025-04-27,3,2,0.0,0.0,0.54,0.46,10.0,8.0,11.0,6.0,12,6,5.0,2 - 0
CSD Macara,Barcelona SC,2025-04-26,1,1,0.0,0.0,0.49,0.51,15.0,9.0,3.0,3.0,14,0,2.0,0 - 1
Manta FC,LDU de Quito,2025-04-26,1,3,0.0,1.0,0.5,0.5,14.0,12.0,2.0,1.0,17,5,5.0,1 - 1
Vinotinto,Deportivo Cuenca,2025-04-26,1,1,0.0,0.0,0.5,0.5,14.0,8.0,3.0,3.0,22,10,2.0,0 - 1
El Nacional,Delfin,2025-04-25,3,2,0.0,0.0,0.54,0.46,16.0,13.0,5.0,7.0,2,9,5.0,3 - 2
Delfin,CSD Macara,2025-04-20,1,2,0.0,0.0,0.46,0.54,16.0,15.0,5.0,4.0,9,14,3.0,0 - 0
Universidad Catolica,Orense SC,2025-04-20,2,0,0.0,0.0,0.57,0.42,12.0,7.0,5.0,2.0,13,15,2.0,2 - 0
CD Tecnico Universitario,Vinotinto,2025-04-20,1,1,0.0,0.0,0.62,0.38,7.0,3.0,7.0,5.0,8,22,2.0,1 - 3
Independiente del Valle,Manta FC,2025-04-19,1,1,0.0,0.0,0.6,0.4,9.0,5.0,7.0,0.0,7,17,2.0,2 - 0
Deportivo Cuenca,Emelec,2025-04-19,1,4,0.0,2.0,0.65,0.35,14.0,16.0,6.0,3.0,10,4,7.0,0 - 1
Libertad,Mushuc Runa SC,2025-04-19,3,2,1.0,0.0,0.47,0.53,15.0,10.0,5.0,6.0,20,6,6.0,2 - 1
Barcelona SC,El Nacional,2025-04-18,0,0,0.0,0.0,0.63,0.37,11.0,12.0,4.0,3.0,0,2,0.0,1 - 0
LDU de Quito,Aucas,2025-04-18,2,1,0.0,0.0,0.46,0.54,17.0,8.0,5.0,3.0,5,12,3.0,3 - 1
Orense SC,Barcelona SC,2025-04-14,4,3,1.0,0.0,0.56,0.43,15.0,13.0,8.0,2.0,15,0,8.0,3 - 1
El Nacional,Independiente del Valle,2025-04-14,2,1,0.0,0.0,0.45,0.55,10.0,15.0,4.0,4.0,2,7,3.0,1 - 3
Mushuc Runa SC,LDU de Quito,2025-04-14,2,2,0.0,0.0,0.34,0.66,11.0,9.0,4.0,1.0,6,5,4.0,1 - 0
Emelec,Libertad,2025-04-11,1,5,0.0,0.0,0.52,0.48,9.0,24.0,2.0,4.0,4,20,6.0,1 - 1
Manta FC,CD Tecnico Universitario,2025-04-10,2,0,0.0,0.0,0.54,0.46,14.0,15.0,4.0,3.0,17,8,2.0,2 - 1
CSD Macara,Deportivo Cuenca,2025-04-10,3,1,0.0,0.0,0.62,0.38,13.0,11.0,2.0,6.0,14,10,4.0,0 - 1
Vinotinto,Delfin,2025-04-09,0,2,0.0,1.0,0.5,0.5,9.0,10.0,11.0,4.0,22,9,3.0,5 - 0
Emelec,Manta FC,2025-04-06,2,3,0.0,0.0,0.61,0.39,14.0,19.0,3.0,1.0,4,17,5.0,1 - 1
Universidad Catolica,CSD Macara,2025-04-06,3,1,0.0,0.0,0.56,0.43,12.0,9.0,6.0,2.0,13,14,4.0,1 - 0
CD Tecnico Universitario,Mushuc Runa SC,2025-04-06,1,1,0.0,1.0,0.68,0.32,8.0,10.0,4.0,3.0,8,6,3.0,1 - 1
Independiente del Valle,Deportivo Cuenca,2025-04-05,2,3,0.0,1.0,0.54,0.46,9.0,17.0,7.0,2.0,7,10,6.0,4 - 0
Orense SC,Vinotinto,2025-04-05,2,4,0.0,0.0,0.68,0.32,12.0,14.0,1.0,1.0,15,22,6.0,0 - 0
Delfin,Aucas,2025-04-05,1,2,0.0,0.0,0.5,0.5,16.0,14.0,3.0,6.0,9,12,3.0,1 - 1
Libertad,El Nacional,2025-04-04,3,2,0.0,0.0,0.6,0.4,12.0,14.0,4.0,7.0,20,2,5.0,1 - 3
El Nacional,Orense SC,2025-03-30,4,1,1.0,1.0,0.62,0.38,12.0,10.0,3.0,2.0,2,15,7.0,0 - 1
Manta FC,Libertad,2025-03-30,0,2,0.0,1.0,0.63,0.37,11.0,15.0,4.0,1.0,17,20,3.0,1 - 1
CSD Macara,CD Tecnico Universitario,2025-03-30,4,5,0.0,0.0,0.52,0.48,12.0,21.0,2.0,2.0,14,8,9.0,0 - 1
Mushuc Runa SC,Emelec,2025-03-29,4,5,0.0,1.0,0.57,0.42,14.0,14.0,5.0,6.0,6,4,10.0,1 - 1
Deportivo Cuenca,LDU de Quito,2025-03-29,2,0,0.0,0.0,0.36,0.64,8.0,9.0,4.0,6.0,10,5,2.0,1 - 2
Vinotinto,Universidad Catolica,2025-03-29,2,2,0.0,0.0,0.34,0.66,6.0,9.0,6.0,4.0,22,13,4.0,3 - 2
Barcelona SC,Delfin,2025-03-28,3,2,0.0,0.0,0.62,0.38,14.0,4.0,5.0,4.0,0,9,5.0,2 - 0
Aucas,Independiente del Valle,2025-03-28,3,6,0.0,0.0,0.5,0.5,15.0,7.0,1.0,2.0,12,7,9.0,1 - 2
CD Tecnico Universitario,Barcelona SC,2025-03-17,5,1,0.0,0.0,0.57,0.42,20.0,11.0,5.0,3.0,8,0,6.0,0 - 1
Emelec,LDU de Quito,2025-03-16,3,0,0.0,0.0,0.36,0.64,10.0,11.0,4.0,1.0,4,5,3.0,1 - 0
El Nacional,Aucas,2025-03-16,2,2,0.0,0.0,0.52,0.48,11.0,21.0,3.0,1.0,2,12,4.0,0 - 1
Independiente del Valle,CSD Macara,2025-03-16,4,3,0.0,0.0,0.77,0.23,11.0,14.0,3.0,3.0,7,14,7.0,1 - 1
Delfin,Deportivo Cuenca,2025-03-15,2,2,1.0,0.0,0.0,0.0,14.0,17.0,2.0,2.0,9,10,5.0,0 - 0
Universidad Catolica,Manta FC,2025-03-15,2,2,0.0,0.0,0.61,0.39,17.0,33.0,7.0,2.0,13,17,4.0,3 - 0
Libertad,Orense SC,2025-03-15,1,0,0.0,0.0,0.5,0.5,12.0,44.0,7.0,3.0,20,15,1.0,4 - 1
Mushuc Runa SC,Vinotinto,2025-03-14,2,4,0.0,0.0,0.56,0.44,22.0,11.0,9.0,7.0,6,22,6.0,1 - 2
Orense SC,CD Tecnico Universitario,2025-03-10,2,0,0.0,0.0,0.68,0.32,14.0,22.0,4.0,3.0,15,8,2.0,2 - 1
Vinotinto,Emelec,2025-03-09,1,1,0.0,0.0,0.42,0.57,11.0,11.0,7.0,1.0,22,4,2.0,2 - 1
Universidad Catolica,Mushuc Runa SC,2025-03-09,0,1,0.0,0.0,0.64,0.36,11.0,11.0,4.0,8.0,13,6,1.0,1 - 1
Barcelona SC,Independiente del Valle,2025-03-08,3,0,1.0,0.0,0.35,0.65,41.0,8.0,1.0,6.0,0,7,4.0,0 - 4
Manta FC,El Nacional,2025-03-08,6,3,0.0,0.0,0.45,0.55,33.0,44.0,4.0,6.0,17,2,9.0,4 - 3
LDU de Quito,Delfin,2025-03-08,2,3,0.0,0.0,0.57,0.42,22.0,33.0,6.0,4.0,5,9,5.0,3 - 0
Deportivo Cuenca,Libertad,2025-03-07,2,2,0.0,0.0,0.56,0.43,13.0,18.0,6.0,1.0,10,20,4.0,0 - 1
El Nacional,CD Tecnico Universitario,2025-03-02,2,3,0.0,0.0,0.6,0.4,19.0,16.0,3.0,3.0,2,8,5.0,0 - 0
Aucas,Vinotinto,2025-03-02,1,5,0.0,0.0,0.53,0.47,22.0,11.0,6.0,4.0,12,22,6.0,2 - 2
Independiente del Valle,Universidad Catolica,2025-03-02,1,3,0.0,0.0,0.5,0.5,12.0,14.0,7.0,3.0,7,13,4.0,1 - 1
Libertad,Barcelona SC,2025-03-01,3,2,1.0,0.0,0.62,0.38,16.0,16.0,5.0,4.0,20,0,6.0,1 - 4
LDU de Quito,Orense SC,2025-03-01,2,3,0.0,1.0,0.61,0.39,14.0,40.0,6.0,0.0,5,15,6.0,4 - 0
Mushuc Runa SC,Deportivo Cuenca,2025-03-01,3,2,0.0,1.0,0.55,0.45,10.0,6.0,10.0,1.0,6,10,6.0,3 - 1
CD Tecnico Universitario,Libertad,2025-02-24,2,3,0.0,0.0,0.52,0.48,15.0,11.0,7.0,5.0,8,20,5.0,2 - 2
Barcelona SC,Mushuc Runa SC,2025-02-23,2,4,0.0,0.0,0.7,0.3,11.0,15.0,4.0,1.0,0,6,6.0,1 - 0
Orense SC,Manta FC,2025-02-23,4,3,0.0,0.0,0.46,0.54,19.0,14.0,6.0,7.0,15,17,7.0,2 - 1
Universidad Catolica,El Nacional,2025-02-23,2,2,0.0,0.0,0.62,0.38,13.0,10.0,7.0,8.0,13,2,4.0,1 - 1
Independiente del Valle,LDU de Quito,2025-02-22,4,2,0.0,0.0,0.55,0.45,13.0,12.0,3.0,4.0,7,5,6.0,1 - 1
Delfin,Emelec,2025-02-22,2,4,0.0,0.0,0.47,0.53,16.0,12.0,3.0,2.0,9,4,6.0,2 - 0
Vinotinto,CSD Macara,2025-02-22,4,3,0.0,0.0,0.58,0.42,14.0,7.0,3.0,4.0,22,14,7.0,1 - 2
Deportivo Cuenca,Aucas,2025-02-21,3,3,0.0,0.0,0.37,0.63,18.0,6.0,6.0,3.0,10,12,6.0,2 - 0
Mushuc Runa SC,Delfin,2025-02-17,2,2,0.0,0.0,0.39,0.61,27.0,11.0,8.0,2.0,6,9,4.0,2 - 0
Emelec,Universidad Catolica,2025-02-16,3,1,0.0,0.0,0.61,0.39,8.0,9.0,2.0,10.0,4,13,4.0,0 - 4
El Nacional,Deportivo Cuenca,2025-02-16,2,1,0.0,1.0,0.66,0.34,9.0,7.0,4.0,3.0,2,10,4.0,0 - 1
LDU de Quito,Vinotinto,2025-02-16,2,5,1.0,1.0,0.69,0.31,14.0,12.0,1.0,3.0,5,22,9.0,0 - 0
CSD Macara,Orense SC,2025-02-15,3,3,1.0,0.0,0.26,0.74,11.0,10.0,4.0,0.0,14,15,7.0,1 - 0
Libertad,Independiente del Valle,2025-02-15,3,0,0.0,0.0,0.44,0.56,14.0,5.0,2.0,3.0,20,7,3.0,2 - 0
